-10.38378817257737,27.921587276477336,-1.5674971316286292
-10.333788444694342,27.921752235936395,-1.5674971316286292
-10.283788716811314,27.92191719539545,-1.5674971316286292
-10.183789261045257,27.922247114313567,-1.5674971316286292
-10.083789805279201,27.922577033231683,-1.5674971316286292
-10.033790077396173,27.92274199269074,-1.5674971316286292
-9.983790349513145,27.9229069521498,-1.5674971316286292
-10.366106374540374,27.397654874849238,-1.536882109968419
-10.316135126137011,27.399350260648806,-1.536882109968419
-10.266163877733648,27.401045646448374,-1.536882109968419
-10.166221380926922,27.40443641804751,-1.536882109968419
-10.066278884120196,27.407827189646646,-1.536882109968419
-10.016307635716833,27.409522575446214,-1.536882109968419
-9.96633638731347,27.411217961245782,-1.536882109968419
-10.347039291550217,26.877284049676938,-1.5341699616335274
-10.297072825066847,26.87911495851309,-1.5341699616335274
-10.247106358583478,26.88094586734924,-1.5341699616335274
-10.147173425616739,26.884607685021546,-1.5341699616335274
-10.04724049265,26.888269502693852,-1.5341699616335274
-9.99727402616663,26.890100411530003,-1.5341699616335274
-9.94730755968326,26.891931320366155,-1.5341699616335274
-10.356916281383759,26.368287484375518,-1.58959544846085
-10.306925116297947,26.36734758365575,-1.58959544846085
-10.256933951212135,26.36640768293598,-1.58959544846085
-10.156951621040509,26.36452788149644,-1.58959544846085
-10.056969290868883,26.3626480800569,-1.58959544846085
-10.006978125783071,26.36170817933713,-1.58959544846085
-9.95698696069726,26.36076827861736,-1.58959544846085
-10.374804930471095,25.85199069633907,-1.605382226872567
-10.324834832102367,25.850261746073876,-1.605382226872567
-10.274864733733637,25.848532795808683,-1.605382226872567
-10.174924536996178,25.845074895278294,-1.605382226872567
-10.07498434025872,25.841616994747906,-1.605382226872567
-10.02501424188999,25.839888044482713,-1.605382226872567
-9.975044143521261,25.83815909421752,-1.605382226872567
-10.38121220059555,25.327730399774495,-1.5829210415376702
-10.331215875768216,25.3271241788909,-1.5829210415376702
-10.281219550940882,25.326517958007308,-1.5829210415376702
-10.181226901286214,25.325305516240125,-1.5829210415376702
-10.081234251631546,25.32409307447294,-1.5829210415376702
-10.031237926804213,25.323486853589348,-1.5829210415376702
-9.981241601976878,25.322880632705754,-1.5829210415376702
-10.3832949075161,24.806161932344903,-1.5747767495405398
-10.333295303609708,24.80596291173316,-1.5747767495405398
-10.283295699703316,24.80576389112142,-1.5747767495405398
-10.183296491890532,24.805365849897935,-1.5747767495405398
-10.083297284077748,24.80496780867445,-1.5747767495405398
-10.033297680171357,24.80476878806271,-1.5747767495405398
-9.983298076264964,24.804569767450968,-1.5747767495405398
-10.39205310836738,24.29048708563862,-1.5877460410315065
-10.342060290515747,24.289639640505634,-1.5877460410315065
-10.292067472664113,24.288792195372647,-1.5877460410315065
-10.192081836960847,24.28709730510667,-1.5877460410315065
-10.092096201257581,24.285402414840693,-1.5877460410315065
-10.042103383405948,24.284554969707706,-1.5877460410315065
-9.992110565554315,24.28370752457472,-1.5877460410315065
-10.396062387820663,23.768782520601494,-1.5784646253784635
-10.34606385788354,23.76839910942995,-1.5784646253784635
-10.296065327946415,23.768015698258406,-1.5784646253784635
-10.196068268072166,23.767248875915318,-1.5784646253784635
-10.096071208197916,23.76648205357223,-1.5784646253784635
-10.046072678260792,23.766098642400685,-1.5784646253784635
-9.996074148323668,23.76571523122914,-1.5784646253784635
-10.397780856576977,23.247977797916665,-1.5740922853810013
-10.347781128160307,23.247813000285735,-1.5740922853810013
-10.297781399743636,23.24764820265481,-1.5740922853810013
-10.197781942910295,23.24731860739295,-1.5740922853810013
-10.097782486076953,23.24698901213109,-1.5740922853810013
-10.047782757660283,23.246824214500162,-1.5740922853810013
-9.997783029243612,23.24665941686923,-1.5740922853810013
-10.398710757617794,22.727745593911198,-1.5725833602738049
-10.34871083745499,22.72765624228481,-1.5725833602738049
-10.298710917292185,22.72756689065842,-1.5725833602738049
-10.198711076966575,22.727388187405644,-1.5725833602738049
-10.098711236640964,22.72720948415287,-1.5725833602738049
-10.04871131647816,22.72712013252648,-1.5725833602738049
-9.998711396315356,22.72703078090009,-1.5725833602738049
-10.399125320517202,22.207616996855037,-1.5715931773579788
-10.349125336391472,22.207577154331098,-1.5715931773579788
-10.29912535226574,22.20753731180716,-1.5715931773579788
-10.19912538401428,22.207457626759286,-1.5715931773579788
-10.09912541576282,22.20737794171141,-1.5715931773579788
-10.049125431637089,22.207338099187474,-1.5715931773579788
-9.999125447511359,22.207298256663535,-1.5715931773579788
-10.399454779281255,21.687660783818355,-1.5714299494872865
-10.349454789318198,21.687629102685854,-1.5714299494872865
-10.29945479935514,21.687597421553356,-1.5714299494872865
-10.199454819429025,21.687534059288357,-1.5714299494872865
-10.099454839502911,21.687470697023358,-1.5714299494872865
-10.049454849539853,21.68743901589086,-1.5714299494872865
-9.999454859576796,21.68740733475836,-1.5714299494872865
-10.39924965620114,21.167505359084675,-1.5704017739858862
-10.349249660092937,21.167525086724613,-1.5704017739858862
-10.299249663984735,21.16754481436455,-1.5704017739858862
-10.199249671768332,21.16758426964443,-1.5704017739858862
-10.099249679551928,21.167623724924308,-1.5704017739858862
-10.049249683443726,21.167643452564246,-1.5704017739858862
-9.999249687335523,21.167663180204183,-1.5704017739858862
-10.398214507632048,20.647213835891627,-1.5688062852220437
-10.348214606638653,20.647313337904592,-1.5688062852220437
-10.298214705645256,20.64741283991756,-1.5688062852220437
-10.198214903658464,20.647611843943494,-1.5688062852220437
-10.098215101671672,20.647810847969428,-1.5688062852220437
-10.048215200678275,20.647910349982396,-1.5688062852220437
-9.99821529968488,20.64800985199536,-1.5688062852220437
-10.39637637552097,20.12693475947994,-1.5672629103156197
-10.346376687646448,20.12711142993628,-1.5672629103156197
-10.296376999771923,20.127288100392622,-1.5672629103156197
-10.196377624022874,20.127641441305304,-1.5672629103156197
-10.096378248273826,20.127994782217986,-1.5672629103156197
-10.046378560399301,20.128171452674327,-1.5672629103156197
-9.996378872524778,20.128348123130667,-1.5672629103156197
-10.394171096055004,19.60680783023774,-1.5665563691091589
-10.344171545485361,19.607019827486837,-1.5665563691091589
-10.294171994915716,19.607231824735937,-1.5665563691091589
-10.194172893776429,19.607655819234132,-1.5665563691091589
-10.094173792637141,19.608079813732328,-1.5665563691091589
-10.044174242067497,19.608291810981427,-1.5665563691091589
-9.994174691497854,19.608503808230523,-1.5665563691091589
-10.392963110326304,19.087202261241718,-1.5684708127264335
-10.342963245526635,19.087318536840336,-1.5684708127264335
-10.292963380726967,19.087434812438957,-1.5684708127264335
-10.192963651127629,19.087667363636196,-1.5684708127264335
-10.092963921528291,19.087899914833436,-1.5684708127264335
-10.042964056728623,19.088016190432057,-1.5684708127264335
-9.992964191928953,19.088132466030675,-1.5684708127264335
-10.393012534015792,18.567728958204356,-1.5708903417851858
-10.343012534236763,18.567724257454845,-1.5708903417851858
-10.293012534457734,18.567719556705338,-1.5708903417851858
-10.193012534899674,18.567710155206324,-1.5708903417851858
-10.093012535341614,18.56770075370731,-1.5708903417851858
-10.043012535562585,18.567696052957803,-1.5708903417851858
-9.993012535783556,18.567691352208293,-1.5708903417851858
-10.393718467596452,18.048033065744242,-1.5721543774900446
-10.343718513703987,18.047965163230355,-1.5721543774900446
-10.293718559811524,18.04789726071647,-1.5721543774900446
-10.193718652026593,18.0477614556887,-1.5721543774900446
-10.093718744241663,18.04762565066093,-1.5721543774900446
-10.0437187903492,18.047557748147046,-1.5721543774900446
-9.993718836456734,18.04748984563316,-1.5721543774900446
-10.395233185774737,17.528395134938613,-1.573710801574081
-10.345233398128668,17.52824941140595,-1.573710801574081
-10.295233610482597,17.528103687873294,-1.573710801574081
-10.19523403519046,17.527812240807975,-1.573710801574081
-10.095234459898322,17.527520793742656,-1.573710801574081
-10.045234672252251,17.52737507021,-1.573710801574081
-9.995234884606182,17.527229346677338,-1.573710801574081
-10.3913971305338,17.0128702870375,-1.5633345122924962
-10.341398522494234,17.01324337430043,-1.5633345122924962
-10.291399914454667,17.01361646156336,-1.5633345122924962
-10.191402698375533,17.01436263608922,-1.5633345122924962
-10.0914054822964,17.015108810615082,-1.5633345122924962
-10.041406874256833,17.01548189787801,-1.5633345122924962
-9.991408266217267,17.01585498514094,-1.5633345122924962
-10.382856175732105,16.49142001120695,-1.5544032647343011
-10.332862893893745,16.49223962759924,-1.5544032647343011
-10.282869612055388,16.493059243991524,-1.5544032647343011
-10.182883048378672,16.4946984767761,-1.5544032647343011
-10.082896484701957,16.496337709560677,-1.5544032647343011
-10.032903202863599,16.497157325952962,-1.5544032647343011
-9.98290992102524,16.49797694234525,-1.5544032647343011
-10.356073851492104,15.965325645517643,-1.5197038563357343
-10.306139098310114,15.96787915773686,-1.5197038563357343
-10.256204345128124,15.970432669956077,-1.5197038563357343
-10.156334838764142,15.975539694394511,-1.5197038563357343
-10.05646533240016,15.980646718832945,-1.5197038563357343
-10.00653057921817,15.983200231052162,-1.5197038563357343
-9.95659582603618,15.98575374327138,-1.5197038563357343
-10.342347118885211,15.450244594385337,-1.5440380607322326
-10.292365017937255,15.451582348035462,-1.5440380607322326
-10.2423829169893,15.452920101685585,-1.5440380607322326
-10.14241871509339,15.455595608985833,-1.5440380607322326
-10.04245451319748,15.458271116286081,-1.5440380607322326
-9.992472412249525,15.459608869936204,-1.5440380607322326
-9.942490311301569,15.460946623586329,-1.5440380607322326
-10.33899465912512,14.934264420771159,-1.5642202169721275
-10.288995740251734,14.934593223892426,-1.5642202169721275
-10.238996821378347,14.934922027013691,-1.5642202169721275
-10.138998983631575,14.935579633256223,-1.5642202169721275
-10.039001145884804,14.936237239498755,-1.5642202169721275
-9.989002227011417,14.93656604262002,-1.5642202169721275
-9.93900330813803,14.936894845741287,-1.5642202169721275
-10.33991597490772,14.41595730948028,-1.572560452524092
-10.28991605271119,14.415869103239572,-1.572560452524092
-10.23991613051466,14.415780896998864,-1.572560452524092
-10.139916286121599,14.415604484517448,-1.572560452524092
-10.039916441728538,14.415428072036033,-1.572560452524092
-9.989916519532008,14.415339865795325,-1.572560452524092
-9.939916597335477,14.415251659554617,-1.572560452524092
-10.342010523159631,13.897226485512633,-1.5748331417764285
-10.292010930555957,13.89702464531175,-1.5748331417764285
-10.242011337952285,13.896822805110869,-1.5748331417764285
-10.142012152744938,13.896419124709105,-1.5748331417764285
-10.042012967537591,13.896015444307341,-1.5748331417764285
-9.992013374933919,13.89581360410646,-1.5748331417764285
-9.942013782330244,13.895611763905578,-1.5748331417764285
-10.34546450823732,13.381150800414883,-1.5774876493702603
-10.29546562757809,13.380816236782742,-1.5774876493702603
-10.245466746918858,13.380481673150602,-1.5774876493702603
-10.145468985600395,13.379812545886319,-1.5774876493702603
-10.045471224281933,13.379143418622036,-1.5774876493702603
-9.995472343622701,13.378808854989895,-1.5774876493702603
-9.94547346296347,13.378474291357755,-1.5774876493702603
-10.347486252144433,12.860684197226586,-1.5746792753568077
-10.297486629076198,12.86049005028636,-1.5746792753568077
-10.247487006007962,12.860295903346135,-1.5746792753568077
-10.147487759871492,12.859907609465681,-1.5746792753568077
-10.047488513735022,12.859519315585228,-1.5746792753568077
-9.997488890666785,12.859325168645002,-1.5746792753568077
-9.94748926759855,12.859131021704776,-1.5746792753568077
-10.348305815983037,12.340291019765779,-1.572370194424059
-10.298305877909506,12.34021232641681,-1.572370194424059
-10.248305939835976,12.34013363306784,-1.572370194424059
-10.148306063688917,12.339976246369899,-1.572370194424059
-10.048306187541858,12.339818859671958,-1.572370194424059
-9.998306249468328,12.339740166322988,-1.572370194424059
-9.948306311394797,12.339661472974019,-1.572370194424059
-10.348804651779226,11.820247850853168,-1.5717554738136235
-10.2988046747783,11.820199893509585,-1.5717554738136235
-10.248804697777373,11.820151936166003,-1.5717554738136235
-10.14880474377552,11.820056021478836,-1.5717554738136235
-10.048804789773666,11.819960106791669,-1.5717554738136235
-9.99880481277274,11.819912149448086,-1.5717554738136235
-9.948804835771814,11.819864192104504,-1.5717554738136235
-10.349169513289498,11.30028123047369,-1.571498015725727
-10.29916952559868,11.300246146030029,-1.571498015725727
-10.249169537907864,11.300211061586365,-1.571498015725727
-10.14916956252623,11.30014089269904,-1.571498015725727
-10.049169587144597,11.300070723811716,-1.571498015725727
-9.999169599453781,11.300035639368053,-1.571498015725727
-9.949169611762963,11.300000554924392,-1.571498015725727
-10.348931879157332,10.780095975435735,-1.5703392427295801
-10.298931884380478,10.780118829638205,-1.5703392427295801
-10.248931889603625,10.780141683840675,-1.5703392427295801
-10.148931900049917,10.780187392245615,-1.5703392427295801
-10.048931910496208,10.780233100650555,-1.5703392427295801
-9.998931915719355,10.780255954853025,-1.5703392427295801
-9.948931920942501,10.780278809055496,-1.5703392427295801
-10.339616485773274,10.257869101457608,-1.5529021786064523
-10.28962449057316,10.258763761120163,-1.5529021786064523
-10.239632495373046,10.259658420782715,-1.5529021786064523
-10.139648504972818,10.261447740107824,-1.5529021786064523
-10.039664514572591,10.263237059432933,-1.5529021786064523
-9.989672519372476,10.264131719095486,-1.5529021786064523
-9.939680524172363,10.26502637875804,-1.5529021786064523
-10.308053433441884,9.730982167657258,-1.510624456932952
-10.25814392248255,9.733988945966354,-1.510624456932952
-10.208234411523215,9.736995724275452,-1.510624456932952
-10.108415389604545,9.743009280893647,-1.510624456932952
-10.008596367685875,9.749022837511841,-1.510624456932952
-9.95868685672654,9.75202961582094,-1.510624456932952
-9.908777345767206,9.755036394130036,-1.510624456932952
-10.292385188433512,9.217015777981825,-1.5401512675092792
-10.242408664587648,9.21854779112922,-1.5401512675092792
-10.192432140741783,9.220079804276615,-1.5401512675092792
-10.092479093050056,9.223143830571406,-1.5401512675092792
-9.992526045358328,9.226207856866196,-1.5401512675092792
-9.942549521512463,9.227739870013592,-1.5401512675092792
-9.8925729976666,9.229271883160987,-1.5401512675092792
-10.287875141341647,8.701339704632643,-1.5619584459225255
-10.237877094032394,8.701781592923696,-1.5619584459225255
-10.187879046723141,8.70222348121475,-1.5619584459225255
-10.087882952104637,8.703107257796859,-1.5619584459225255
-9.987886857486133,8.703991034378967,-1.5619584459225255
-9.937888810176881,8.704432922670021,-1.5619584459225255
-9.887890762867627,8.704874810961075,-1.5619584459225255
-10.289096643947508,8.183497415191459,-1.573131048821324
-10.239096780220619,8.18338067919619,-1.573131048821324
-10.189096916493732,8.183263943200922,-1.573131048821324
-10.089097189039954,8.183030471210387,-1.573131048821324
-9.989097461586177,8.182796999219851,-1.573131048821324
-9.93909759785929,8.182680263224583,-1.573131048821324
-9.8890977341324,8.182563527229314,-1.573131048821324
-10.305523459304892,7.669474460266555,-1.6025742595994368
-10.255548703105774,7.6678858310339315,-1.6025742595994368
-10.205573946906657,7.666297201801308,-1.6025742595994368
-10.105624434508421,7.663119943336063,-1.6025742595994368
-10.005674922110185,7.659942684870817,-1.6025742595994368
-9.955700165911068,7.658354055638194,-1.6025742595994368
-9.90572540971195,7.6567654264055705,-1.6025742595994368
-10.348649109194513,7.163112129463299,-1.6552137480084126
-10.298827160944406,7.15889626981626,-1.6552137480084126
-10.249005212694296,7.154680410169222,-1.6552137480084126
-10.14936131619408,7.146248690875146,-1.6552137480084126
-10.049717419693863,7.137816971581071,-1.6552137480084126
-9.999895471443754,7.133601111934032,-1.6552137480084126
-9.950073523193646,7.129385252286994,-1.6552137480084126
-10.373629268470946,6.636854865795093,-1.6179649832847638
-10.323684880212877,6.634497307412501,-1.6179649832847638
-10.27374049195481,6.63213974902991,-1.6179649832847638
-10.173851715438673,6.627424632264727,-1.6179649832847638
-10.073962938922536,6.622709515499545,-1.6179649832847638
-10.024018550664469,6.620351957116953,-1.6179649832847638
-9.9740741624064,6.6179943987343615,-1.6179649832847638
-10.386021551476578,6.112451671485203,-1.5943165311706753
-10.336035380839373,6.11127576969156,-1.5943165311706753
-10.286049210202169,6.110099867897917,-1.5943165311706753
-10.18607686892776,6.1077480643106306,-1.5943165311706753
-10.086104527653351,6.105396260723344,-1.5943165311706753
-10.036118357016147,6.104220358929701,-1.5943165311706753
-9.986132186378942,6.1030444571360585,-1.5943165311706753
-10.392421917089258,5.590361911052977,-1.5830304463234073
-10.342425658884602,5.589750220335818,-1.5830304463234073
-10.292429400679948,5.589138529618658,-1.5830304463234073
-10.192436884270638,5.587915148184341,-1.5830304463234073
-10.092444367861328,5.5866917667500235,-1.5830304463234073
-10.042448109656673,5.586080076032864,-1.5830304463234073
-9.992451851452017,5.585468385315705,-1.5830304463234073
-10.395846471918805,5.069324943306181,-1.577362642446861
-10.345847549827463,5.068996629882881,-1.577362642446861
-10.295848627736122,5.068668316459583,-1.577362642446861
-10.195850783553437,5.068011689612986,-1.577362642446861
-10.095852939370753,5.067355062766389,-1.577362642446861
-10.045854017279412,5.06702674934309,-1.577362642446861
-9.99585509518807,5.066698435919791,-1.577362642446861
-10.397518503267994,4.5487318987627035,-1.5740059333670922
-10.347518760807132,4.548571418709627,-1.5740059333670922
-10.29751901834627,4.54841093865655,-1.5740059333670922
-10.197519533424545,4.548089978550397,-1.5740059333670922
-10.09752004850282,4.547769018444244,-1.5740059333670922
-10.047520306041958,4.5476085383911675,-1.5740059333670922
-9.997520563581096,4.547448058338091,-1.5740059333670922
-10.398443701562126,4.0285201770848955,-1.5725744343644046
-10.348443780603768,4.028431271753268,-1.5725744343644046
-10.29844385964541,4.028342366421641,-1.5725744343644046
-10.198444017728695,4.028164555758386,-1.5725744343644046
-10.09844417581198,4.027986745095132,-1.5725744343644046
-10.048444254853623,4.027897839763504,-1.5725744343644046
-9.998444333895264,4.027808934431877,-1.5725744343644046
-10.39905696629744,3.508480578000535,-1.571975522730407
-10.349057001060013,3.5084216182174237,-1.571975522730407
-10.299057035822585,3.508362658434312,-1.571975522730407
-10.19905710534773,3.508244738868089,-1.571975522730407
-10.099057174872875,3.5081268193018658,-1.571975522730407
-10.049057209635448,3.508067859518754,-1.571975522730407
-9.99905724439802,3.5080088997356427,-1.571975522730407
-10.399154254880642,2.9883505264357657,-1.570983184116812
-10.349154255753533,2.9883411835697244,-1.570983184116812
-10.299154256626425,2.988331840703683,-1.570983184116812
-10.199154258372207,2.9883131549716,-1.570983184116812
-10.09915426011799,2.9882944692395172,-1.570983184116812
-10.049154260990882,2.988285126373476,-1.570983184116812
-9.999154261863772,2.9882757835074347,-1.570983184116812
-10.399279225130485,2.4684296610225083,-1.5710366902222173
-10.349279226574849,2.468417642851258,-1.5710366902222173
-10.299279228019213,2.468405624680008,-1.5710366902222173
-10.199279230907942,2.468381588337507,-1.5710366902222173
-10.099279233796672,2.4683575519950063,-1.5710366902222173
-10.049279235241036,2.468345533823756,-1.5710366902222173
-9.9992792366854,2.468333515652506,-1.5710366902222173
-10.398663050024005,1.9481734098382915,-1.569611568487838
-10.348663085115307,1.9482326477397862,-1.569611568487838
-10.298663120206609,1.948291885641281,-1.569611568487838
-10.198663190389214,1.9484103614442703,-1.569611568487838
-10.098663260571819,1.9485288372472596,-1.569611568487838
-10.04866329566312,1.9485880751487543,-1.569611568487838
-9.998663330754422,1.948647313050249,-1.569611568487838
-10.397449256400389,1.427968477206273,-1.5684627783869032
-10.347449392536532,1.4280851545207793,-1.5684627783869032
-10.297449528672674,1.4282018318352854,-1.5684627783869032
-10.197449800944959,1.428435186464298,-1.5684627783869032
-10.097450073217244,1.4286685410933104,-1.5684627783869032
-10.047450209353386,1.4287852184078165,-1.5684627783869032
-9.99745034548953,1.4289018957223227,-1.5684627783869032
-10.395950735543064,0.9078841304900545,-1.5679149735512645
-10.345950943097833,0.9080281979528898,-1.5679149735512645
-10.295951150652602,0.9081722654157252,-1.5679149735512645
-10.19595156576214,0.9084604003413959,-1.5679149735512645
-10.095951980871678,0.9087485352670666,-1.5679149735512645
-10.045952188426448,0.9088926027299019,-1.5679149735512645
-9.995952395981217,0.9090366701927373,-1.5679149735512645
-10.394160828631664,0.3877960031913153,-1.5673547346158296
-10.34416112474529,0.38796808246056774,-1.5673547346158296
-10.294161420858915,0.38814016172982013,-1.5673547346158296
-10.194162013086167,0.388484320268325,-1.5673547346158296
-10.09416260531342,0.3888284788068299,-1.5673547346158296
-10.044162901427045,0.3890005580760823,-1.5673547346158296
-9.99416319754067,0.38917263734533475,-1.5673547346158296
-10.393004633613728,-0.13195367193456978,-1.568571522772702
-10.3430047573575,-0.1318424318252286,-1.568571522772702
-10.293004881101272,-0.13173119171588743,-1.568571522772702
-10.193005128588817,-0.13150871149720508,-1.568571522772702
-10.093005376076363,-0.13128623127852274,-1.568571522772702
-10.043005499820135,-0.13117499116918158,-1.568571522772702
-9.993005623563906,-0.1310637510598404,-1.568571522772702
-10.392623377330366,-0.6516365074557084,-1.5700622666710624
-10.342623390801473,-0.651599804452813,-1.5700622666710624
-10.292623404272579,-0.6515631014499174,-1.5700622666710624
-10.192623431214791,-0.6514896954441264,-1.5700622666710624
-10.092623458157004,-0.6514162894383354,-1.5700622666710624
-10.04262347162811,-0.6513795864354398,-1.5700622666710624
-9.992623485099216,-0.6513428834325443,-1.5700622666710624
-10.392978670987112,-1.1713125062951035,-1.5714796231417056
-10.342978682659458,-1.1713466711097853,-1.5714796231417056
-10.292978694331806,-1.1713808359244673,-1.5714796231417056
-10.1929787176765,-1.171449165553831,-1.5714796231417056
-10.092978741021193,-1.1715174951831948,-1.5714796231417056
-10.042978752693541,-1.1715516599978768,-1.5714796231417056
-9.992978764365887,-1.1715858248125586,-1.5714796231417056
-10.394424659322448,-1.689874598472742,-1.5735839231183575
-10.344424853589652,-1.690013978108402,-1.5735839231183575
-10.294425047856858,-1.6901533577440622,-1.5735839231183575
-10.19442543639127,-1.6904321170153824,-1.5735839231183575
-10.094425824925683,-1.6907108762867027,-1.5735839231183575
-10.044426019192889,-1.6908502559223628,-1.5735839231183575
-9.994426213460093,-1.690989635558023,-1.5735839231183575
-10.396733626145107,-2.2095031019621234,-1.5752392655437677
-10.346734119636913,-2.209725248168715,-1.5752392655437677
-10.296734613128718,-2.2099473943753067,-1.5752392655437677
-10.196735600112332,-2.2103916867884905,-1.5752392655437677
-10.096736587095945,-2.2108359792016743,-1.5752392655437677
-10.04673708058775,-2.211058125408266,-1.5752392655437677
-9.996737574079557,-2.2112802716148576,-1.5752392655437677
-10.419051228869453,-2.7215304597083536,-1.614061459124568
-10.369098018361996,-2.723693041498202,-1.614061459124568
-10.31914480785454,-2.72585562328805,-1.614061459124568
-10.219238386839628,-2.730180786867747,-1.614061459124568
-10.119331965824715,-2.7345059504474434,-1.614061459124568
-10.06937875531726,-2.7366685322372915,-1.614061459124568
-10.019425544809803,-2.73883111402714,-1.614061459124568
-10.490130927457923,-3.2076325177695306,-1.7139613809533578
-10.440642458674876,-3.214766342655903,-1.7139613809533578
-10.39115398989183,-3.2219001675422754,-1.7139613809533578
-10.292177052325737,-3.23616781731502,-1.7139613809533578
-10.193200114759644,-3.250435467087765,-1.7139613809533578
-10.143711645976598,-3.257569291974137,-1.7139613809533578
-10.094223177193552,-3.2647031168605096,-1.7139613809533578
-10.36740069495561,-3.775828534831573,-1.33345405732628
-10.318802380300623,-3.764072523063337,-1.33345405732628
-10.270204065645636,-3.7523165112951014,-1.33345405732628
-10.173007436335663,-3.7288044877586297,-1.33345405732628
-10.07581080702569,-3.705292464222158,-1.33345405732628
-10.027212492370703,-3.6935364524539223,-1.33345405732628
-9.978614177715716,-3.6817804406856864,-1.33345405732628
-10.061054656129299,-4.263753124000445,-0.9898534534156412
-10.019257378079365,-4.236312505428398,-0.9898534534156412
-9.977460100029433,-4.20887188685635,-0.9898534534156412
-9.893865543929566,-4.153990649712256,-0.9898534534156412
-9.8102709878297,-4.099109412568161,-0.9898534534156412
-9.768473709779768,-4.071668793996114,-0.9898534534156412
-9.726676431729834,-4.044228175424067,-0.9898534534156412
-9.6742612499245,-4.652945756931034,-0.7805339617524094
-9.639078303946343,-4.617418861312389,-0.7805339617524094
-9.603895357968188,-4.581891965693743,-0.7805339617524094
-9.533529466011874,-4.510838174456453,-0.7805339617524094
-9.46316357405556,-4.4397843832191635,-0.7805339617524094
-9.427980628077405,-4.404257487600518,-0.7805339617524094
-9.392797682099248,-4.368730591981873,-0.7805339617524094
-9.145783474395085,-4.9033553019808735,-0.42057485702931996
-9.125369210332483,-4.857712582706246,-0.42057485702931996
-9.104954946269883,-4.812069863431619,-0.42057485702931996
-9.064126418144681,-4.720784424882365,-0.42057485702931996
-9.02329789001948,-4.629498986333111,-0.42057485702931996
-9.00288362595688,-4.583856267058484,-0.42057485702931996
-8.982469361894278,-4.538213547783856,-0.42057485702931996
-8.541895272649423,-4.886392104172608,0.06660897612109358
-8.54522325927046,-4.836502982061168,0.06660897612109358
-8.548551245891495,-4.786613859949727,0.06660897612109358
-8.55520721913357,-4.686835615726847,0.06660897612109358
-8.561863192375643,-4.587057371503966,0.06660897612109358
-8.56519117899668,-4.537168249392526,0.06660897612109358
-8.568519165617715,-4.487279127281085,0.06660897612109358
-8.012816201732218,-4.8031410358168065,0.15761656509048028
-8.020664439949568,-4.753760825642246,0.15761656509048028
-8.02851267816692,-4.704380615467686,0.15761656509048028
-8.044209154601623,-4.605620195118567,0.15761656509048028
-8.059905631036326,-4.506859774769447,0.15761656509048028
-8.067753869253677,-4.4574795645948875,0.15761656509048028
-8.075602107471028,-4.408099354420327,0.15761656509048028
-7.506386919345788,-4.751708030589555,0.10182440502498909
-7.511469346350459,-4.70196701194556,0.10182440502498909
-7.516551773355131,-4.652225993301566,0.10182440502498909
-7.526716627364473,-4.552743956013577,0.10182440502498909
-7.536881481373815,-4.453261918725588,0.10182440502498909
-7.541963908378486,-4.4035209000815945,0.10182440502498909
-7.547046335383158,-4.3537798814376,0.10182440502498909
-7.0004383822997465,-4.735565657761415,0.03283423382088493
-7.002079799022044,-4.685592607512868,0.03283423382088493
-7.003721215744341,-4.635619557264322,0.03283423382088493
-7.007004049188936,-4.5356734567672286,0.03283423382088493
-7.0102868826335305,-4.435727356270135,0.03283423382088493
-7.011928299355827,-4.385754306021589,0.03283423382088493
-7.013569716078125,-4.335781255773042,0.03283423382088493
-6.4864954764993685,-4.733862319755518,0.003481867791049204
-6.486669569537154,-4.683862622840294,0.003481867791049204
-6.486843662574939,-4.633862925925071,0.003481867791049204
-6.48719184865051,-4.533863532094625,0.003481867791049204
-6.487540034726081,-4.433864138264178,0.003481867791049204
-6.487714127763866,-4.383864441348955,0.003481867791049204
-6.4878882208016515,-4.333864744433731,0.003481867791049204
-5.9691641433746545,-4.7382004992663225,-0.008358394374105673
-5.968746228522103,-4.6882022458250665,-0.008358394374105673
-5.968328313669551,-4.638203992383811,-0.008358394374105673
-5.967492483964448,-4.5382074855013,-0.008358394374105673
-5.966656654259345,-4.438210978618789,-0.008358394374105673
-5.966238739406793,-4.388212725177534,-0.008358394374105673
-5.965820824554242,-4.338214471736278,-0.008358394374105673
-5.450042777090378,-4.743711151355863,-0.010613965711683623
-5.449512088769152,-4.693713967736126,-0.010613965711683623
-5.448981400447927,-4.643716784116388,-0.010613965711683623
-5.447920023805476,-4.543722416876914,-0.010613965711683623
-5.446858647163024,-4.44372804963744,-0.010613965711683623
-5.446327958841799,-4.393730866017703,-0.010613965711683623
-5.445797270520574,-4.343733682397965,-0.010613965711683623
-4.929405343958692,-4.746612716079864,-0.005568152656235733
-4.929126937764519,-4.696613491185961,-0.005568152656235733
-4.9288485315703445,-4.646614266292059,-0.005568152656235733
-4.928291719181996,-4.546615816504254,-0.005568152656235733
-4.927734906793648,-4.446617366716448,-0.005568152656235733
-4.927456500599474,-4.396618141822546,-0.005568152656235733
-4.927178094405301,-4.3466189169286436,-0.005568152656235733
-4.410471181048225,-4.752334522310396,-0.011019899661235562
-4.409920197217067,-4.702337558234387,-0.011019899661235562
-4.40936921338591,-4.652340594158377,-0.011019899661235562
-4.408267245723595,-4.552346666006358,-0.011019899661235562
-4.40716527806128,-4.452352737854338,-0.011019899661235562
-4.406614294230122,-4.4023557737783285,-0.011019899661235562
-4.406063310398965,-4.352358809702319,-0.011019899661235562
-3.912177320500565,-4.806393297980898,-0.10625686111368093
-3.9068744692631734,-4.756675295519475,-0.10625686111368093
-3.9015716180257813,-4.706957293058052,-0.10625686111368093
-3.890965915550998,-4.607521288135205,-0.10625686111368093
-3.880360213076215,-4.508085283212358,-0.10625686111368093
-3.875057361838823,-4.4583672807509345,-0.10625686111368093
-3.8697545106014313,-4.408649278289512,-0.10625686111368093
-3.405936644983016,-4.881217938806001,-0.14642677530758408
-3.3986414407453145,-4.831753001778544,-0.14642677530758408
-3.3913462365076135,-4.782288064751088,-0.14642677530758408
-3.376755828032211,-4.683358190696175,-0.14642677530758408
-3.3621654195568085,-4.5844283166412625,-0.14642677530758408
-3.3548702153191075,-4.5349633796138065,-0.14642677530758408
-3.347575011081406,-4.4854984425863496,-0.14642677530758408
-2.8976949500829856,-4.953591811015099,-0.141444682475809
-2.8906462742718406,-4.904091142642749,-0.141444682475809
-2.8835975984606956,-4.854590474270399,-0.141444682475809
-2.8695002468384057,-4.755589137525699,-0.141444682475809
-2.8554028952161157,-4.656587800780999,-0.141444682475809
-2.8483542194049707,-4.607087132408648,-0.141444682475809
-2.8413055435938257,-4.557586464036299,-0.141444682475809
-2.3685301316805627,-4.953767677879379,0.0036384914324056896
-2.368712055850778,-4.903768008844511,0.0036384914324056896
-2.3688939800209936,-4.853768339809644,0.0036384914324056896
-2.3692578283614245,-4.753769001739909,0.0036384914324056896
-2.3696216767018554,-4.6537696636701735,0.0036384914324056896
-2.369803600872071,-4.603769994635306,0.0036384914324056896
-2.3699855250422863,-4.553770325600438,0.0036384914324056896
-1.8192759072484523,-4.749140435492315,0.38058319509272615
-1.837849007196575,-4.702718027559108,0.38058319509272615
-1.8564221071446974,-4.656295619625901,0.38058319509272615
-1.8935683070409426,-4.563450803759488,0.38058319509272615
-1.9307145069371878,-4.470605987893075,0.38058319509272615
-1.9492876068853102,-4.424183579959868,0.38058319509272615
-1.9678607068334328,-4.377761172026661,0.38058319509272615
-1.3459978882303334,-4.589454454959301,0.3260060206799352
-1.362010987247418,-4.542088004175343,0.3260060206799352
-1.3780240862645028,-4.494721553391386,0.3260060206799352
-1.4100502842986724,-4.399988651823472,0.3260060206799352
-1.442076482332842,-4.305255750255558,0.3260060206799352
-1.4580895813499268,-4.257889299471601,0.3260060206799352
-1.4741026803670114,-4.210522848687643,0.3260060206799352
-0.8604983493892118,-4.388941358490426,0.3925075603733381
-0.8796236735249674,-4.3427437181101824,0.3925075603733381
-0.8987489976607231,-4.296546077729939,0.3925075603733381
-0.9369996459322345,-4.2041507969694525,0.3925075603733381
-0.9752502942037459,-4.111755516208966,0.3925075603733381
-0.9943756183395016,-4.0655578758287225,0.3925075603733381
-1.0135009424752572,-4.019360235448479,0.3925075603733381
-0.40381038838703864,-4.079582490734118,0.6034297402697153
-0.43218388007029124,-4.038412781363023,0.6034297402697153
-0.46055737175354383,-3.9972430719919285,0.6034297402697153
-0.517304355120049,-3.9149036532497394,0.6034297402697153
-0.5740513384865542,-3.8325642345075503,0.6034297402697153
-0.6024248301698067,-3.7913945251364556,0.6034297402697153
-0.6307983218530594,-3.750224815765361,0.6034297402697153
-0.08667442878009879,-3.5882562940955394,1.0279790467284797
-0.12948726949789047,-3.5624287764123976,1.0279790467284797
-0.17230011021568215,-3.536601258729256,1.0279790467284797
-0.2579257916512655,-3.4849462233629724,1.0279790467284797
-0.34355147308684886,-3.433291187996689,1.0279790467284797
-0.38636431380464054,-3.4074636703135472,1.0279790467284797
-0.4291771545224322,-3.3816361526304055,1.0279790467284797
-0.009388967918517066,-2.989677840490231,1.4749517515225932
-0.05915948910352986,-2.9848929454054676,1.4749517515225932
-0.10893001028854264,-2.980108050320704,1.4749517515225932
-0.20847105265856822,-2.970538260151177,1.4749517515225932
-0.3080120950285938,-2.96096846998165,1.4749517515225932
-0.3577826162136066,-2.9561835748968863,1.4749517515225932
-0.40755313739861937,-2.951398679812123,1.4749517515225932
-0.028128454327302682,-2.4485970289761694,1.6087158940231523
-0.07809251129499753,-2.4504925530010624,1.6087158940231523
-0.12805656826269232,-2.4523880770259554,1.6087158940231523
-0.22798468219808196,-2.456179125075742,1.6087158940231523
-0.3279127961334716,-2.4599701731255283,1.6087158940231523
-0.37787685310116637,-2.4618656971504214,1.6087158940231523
-0.42784091006886127,-2.4637612211753144,1.6087158940231523
-0.053593954444530245,-1.9271896238928834,1.6196202542758331
-0.10353437188453035,-1.9296298505050102,1.6196202542758331
-0.15347478932453046,-1.9320700771171373,1.6196202542758331
-0.25335562420453067,-1.9369505303413914,1.6196202542758331
-0.3532364590845309,-1.9418309835656455,1.6196202542758331
-0.403176876524531,-1.9442712101777726,1.6196202542758331
-0.4531172939645311,-1.9467114367898994,1.6196202542758331
-0.06378052563229211,-1.4131564861547004,1.5907725389279461
-0.11377054973775841,-1.4141552303336073,1.5907725389279461
-0.16376057384322468,-1.4151539745125143,1.5907725389279461
-0.2637406220541572,-1.4171514628703286,1.5907725389279461
-0.36372067026508975,-1.4191489512281428,1.5907725389279461
-0.413710694370556,-1.4201476954070498,1.5907725389279461
-0.46370071847602234,-1.4211464395859568,1.5907725389279461
-0.07626494343981605,-0.8960488899332838,1.5949377773272384
-0.1262503739065969,-0.8972558452144013,1.5949377773272384
-0.17623580437337774,-0.8984628004955189,1.5949377773272384
-0.27620666530693944,-0.9008767110577539,1.5949377773272384
-0.37617752624050116,-0.903290621619989,1.5949377773272384
-0.426162956707282,-0.9044975769011065,1.5949377773272384
-0.4761483871740628,-0.905704532182224,1.5949377773272384
-0.07703668001769401,-0.38050700840674295,1.572391862768168
-0.12703661637433147,-0.3805867851715581,1.572391862768168
-0.1770365527309689,-0.3806665619363732,1.572391862768168
-0.27703642544424384,-0.3808261154660035,1.572391862768168
-0.37703629815751877,-0.38098566899563374,1.572391862768168
-0.4270362345141562,-0.3810654457604489,1.572391862768168
-0.47703617087079364,-0.381145222525264,1.572391862768168
-0.06662166776548584,0.13479021116613726,1.5506788875024107
-0.11661155032262091,0.1357960152841654,1.5506788875024107
-0.16660143287975598,0.13680181940219355,1.5506788875024107
-0.26658119799402613,0.13881342763824983,1.5506788875024107
-0.3665609631082963,0.14082503587430611,1.5506788875024107
-0.4165508456654313,0.14183083999233426,1.5506788875024107
-0.4665407282225664,0.1428366441103624,1.5506788875024107
-0.046813271458360006,0.6506125525945302,1.5324777749174807
-0.096776568164229,0.6525280113597612,1.5324777749174807
-0.146739864870098,0.6544434701249924,1.5324777749174807
-0.24666645828183598,0.6582743876554545,1.5324777749174807
-0.34659305169357396,0.6621053051859167,1.5324777749174807
-0.396556348399443,0.6640207639511478,1.5324777749174807
-0.44651964510531195,0.6659362227163789,1.5324777749174807
-0.023323092042947163,1.1682161424117141,1.5254543981984252
-0.0732717035857178,1.1704824621043886,1.5254543981984252
-0.12322031512848838,1.1727487817970628,1.5254543981984252
-0.2231175382140296,1.1772814211824114,1.5254543981984252
-0.32301476129957085,1.18181406056776,1.5254543981984252
-0.3729633728423414,1.1840803802604343,1.5254543981984252
-0.422911984385112,1.1863466999531087,1.5254543981984252
-0.00981829264594733,1.691390123177218,1.5450623098315248
-0.059801737568869834,1.692676682012707,1.5450623098315248
-0.1097851824917923,1.693963240848196,1.5450623098315248
-0.20975207233763726,1.6965363585191737,1.5450623098315248
-0.3097189621834822,1.6991094761901515,1.5450623098315248
-0.35970240710640466,1.7003960350256404,1.5450623098315248
-0.40968585202932717,1.7016825938611295,1.5450623098315248
-0.004938857154688031,2.214192114738928,1.5615151340246967
-0.05493670365666578,2.2146561677150753,1.5615151340246967
-0.10493455015864353,2.215120220691223,1.5615151340246967
-0.20493024316259903,2.216048326643518,1.5615151340246967
-0.3049259361665545,2.216976432595813,1.5615151340246967
-0.3549237826685323,2.2174404855719603,1.5615151340246967
-0.40492162917051,2.2179045385481078,1.5615151340246967
-0.012376840684669044,2.7379365172327876,1.5851031427533837
-0.062371723647379945,2.7372212008378667,1.5851031427533837
-0.11236660661009079,2.7365058844429457,1.5851031427533837
-0.21235637253551254,2.735075251653104,1.5851031427533837
-0.3123461384609343,2.733644618863262,1.5851031427533837
-0.3623410214236451,2.732929302468341,1.5851031427533837
-0.41233590438635603,2.73221398607342,1.5851031427533837
-0.04362775162723201,3.264409286538488,1.6304760657534774
-0.09353873627116976,3.261427070605224,1.6304760657534774
-0.14344972091510746,3.25844485467196,1.6304760657534774
-0.24327169020298292,3.2524804228054327,1.6304760657534774
-0.34309365949085835,3.246515990938905,1.6304760657534774
-0.3930046441347961,3.243533775005641,1.6304760657534774
-0.4429156287787338,3.2405515590723772,1.6304760657534774
-0.05837428291985097,3.7779207123749257,1.5996899614186706
-0.10835341331876913,3.7764762316488736,1.5996899614186706
-0.15833254371768726,3.775031750922821,1.5996899614186706
-0.25829080451552355,3.7721427894707165,1.5996899614186706
-0.35824906531335987,3.769253828018612,1.5996899614186706
-0.408228195712278,3.7678093472925593,1.5996899614186706
-0.45820732611119613,3.7663648665665073,1.5996899614186706
-0.06277383219873639,4.291977120345181,1.5794344209463396
-0.11277196679357143,4.291545221008804,1.5794344209463396
-0.16277010138840642,4.291113321672427,1.5794344209463396
-0.26276637057807645,4.290249522999673,1.5794344209463396
-0.3627626397677465,4.28938572432692,1.5794344209463396
-0.41276077436258146,4.288953824990542,1.5794344209463396
-0.4627589089574165,4.288521925654165,1.5794344209463396
-0.05193033917329759,4.804782603854108,1.5498249611539274
-0.10191934462183391,4.80583109527811,1.5498249611539274
-0.15190835007037023,4.806879586702112,1.5498249611539274
-0.2518863609674429,4.808976569550117,1.5498249611539274
-0.3518643718645155,4.811073552398121,1.5498249611539274
-0.4018533773130518,4.812122043822123,1.5498249611539274
-0.45184238276158817,4.813170535246125,1.5498249611539274
-0.04980877948049944,5.32727415014176,1.5667909712518724
-0.09980837840921,5.327474417383433,1.5667909712518724
-0.14980797733792053,5.327674684625107,1.5667909712518724
-0.24980717519534162,5.328075219108453,1.5667909712518724
-0.34980637305276274,5.3284757535918,1.5667909712518724
-0.3998059719814733,5.328676020833473,1.5667909712518724
-0.4498055709101838,5.328876288075146,1.5667909712518724
-0.06074457162131536,5.85190713563427,1.5917567336860765
-0.11073358855700516,5.850859192027334,1.5917567336860765
-0.16072260549269496,5.849811248420398,1.5917567336860765
-0.26070063936407456,5.847715361206525,1.5917567336860765
-0.36067867323545416,5.845619473992652,1.5917567336860765
-0.41066769017114396,5.844571530385716,1.5917567336860765
-0.46065670710683376,5.8435235867787805,1.5917567336860765
-0.08172283256923404,6.372641843314543,1.611132477063019
-0.13168216295835977,6.370625582649306,1.611132477063019
-0.18164149334748547,6.36860932198407,1.611132477063019
-0.2815601541257369,6.364576800653596,1.611132477063019
-0.3814788149039883,6.360544279323123,1.611132477063019
-0.431438145293114,6.3585280186578865,1.611132477063019
-0.4813974756822397,6.356511757992649,1.611132477063019
-0.10380659583695101,6.892469680672169,1.6132545031598067
-0.1537615351882791,6.890347409623236,1.6132545031598067
-0.20371647453960712,6.888225138574304,1.6132545031598067
-0.3036263532422632,6.883980596476439,1.6132545031598067
-0.40353623194491933,6.879736054378574,1.6132545031598067
-0.4534911712962474,6.877613783329642,1.6132545031598067
-0.5034461106475754,6.87549151228071,1.6132545031598067
-0.12874925701881232,7.412392259600443,1.618739151725774
-0.17869180516301178,7.409996036559005,1.618739151725774
-0.2286343533072112,7.4075998135175665,1.618739151725774
-0.32851944959561014,7.40280736743469,1.618739151725774
-0.42840454588400906,7.398014921351813,1.618739151725774
-0.4783470940282085,7.395618698310375,1.618739151725774
-0.5282896421724079,7.393222475268937,1.618739151725774
-0.1527821073326254,7.931391392813352,1.617069955424028
-0.20272858566625188,7.929078536988061,1.617069955424028
-0.2526750639998783,7.92676568116277,1.617069955424028
-0.3525680206671313,7.922139969512188,1.617069955424028
-0.45246097733438423,7.9175142578616065,1.617069955424028
-0.5024074556680107,7.915201402036316,1.617069955424028
-0.5523539340016371,7.9128885462110246,1.617069955424028
-0.1605898164615297,8.444827782425653,1.5861876404478672
-0.21058389426504234,8.444058247126705,1.5861876404478672
-0.26057797206855493,8.443288711827758,1.5861876404478672
-0.3605661276755802,8.441749641229864,1.5861876404478672
-0.4605542832826055,8.440210570631969,1.5861876404478672
-0.5105483610861181,8.439441035333022,1.5861876404478672
-0.5605424388896307,8.438671500034074,1.5861876404478672
-0.18691627097412297,8.970504571480088,1.6210666991939453
-0.23685310651923772,8.96799211138286,1.6210666991939453
-0.28678994206435243,8.965479651285632,1.6210666991939453
-0.3866636131545819,8.960454731091174,1.6210666991939453
-0.4865372842448114,8.955429810896716,1.6210666991939453
-0.5364741197899261,8.952917350799488,1.6210666991939453
-0.5864109553350408,8.95040489070226,1.6210666991939453
-0.23014527089363468,9.479699939157667,1.6557249603829034
-0.27996505743403,9.475458610466154,1.6557249603829034
-0.3297848439744252,9.47121728177464,1.6557249603829034
-0.4294244170552157,9.462734624391615,1.6557249603829034
-0.5290639901360062,9.45425196700859,1.6557249603829034
-0.5788837766764015,9.450010638317076,1.6557249603829034
-0.6287035632167968,9.445769309625563,1.6557249603829034
-0.2818535549541007,9.992288830795676,1.6713805123550882
-0.331600838666951,9.987268097463465,1.6713805123550882
-0.3813481223798012,9.982247364131252,1.6713805123550882
-0.4808426898055017,9.972205897466829,1.6713805123550882
-0.5803372572312022,9.962164430802405,1.6713805123550882
-0.6300845409440524,9.957143697470192,1.6713805123550882
-0.6798318246569027,9.952122964137981,1.6713805123550882
-0.2679763391750994,10.487239380630946,1.5459398590881674
-0.31796089387068494,10.488482076041743,1.5459398590881674
-0.3679454485662705,10.48972477145254,1.5459398590881674
-0.4679145579574416,10.492210162274135,1.5459398590881674
-0.5678836673486127,10.494695553095731,1.5459398590881674
-0.6178682220441982,10.495938248506528,1.5459398590881674
-0.6678527767397837,10.497180943917325,1.5459398590881674
-0.23683951181318547,10.998980821814285,1.5102744840664575
-0.28674796742523423,11.002005066913506,1.5102744840664575
-0.33665642303728305,11.005029312012725,1.5102744840664575
-0.43647333426138063,11.011077802211165,1.5102744840664575
-0.5362902454854782,11.017126292409605,1.5102744840664575
-0.586198701097527,11.020150537508824,1.5102744840664575
-0.6361071567095757,11.023174782608045,1.5102744840664575
-0.21996120092420737,11.524009461844928,1.538815040193026
-0.26993563303624313,11.525608253601078,1.538815040193026
-0.31991006514827885,11.527207045357226,1.538815040193026
-0.4198589293723503,11.530404628869526,1.538815040193026
-0.5198077935964218,11.533602212381826,1.538815040193026
-0.5697822257084575,11.535201004137974,1.538815040193026
-0.6197566578204933,11.536799795894124,1.538815040193026
-0.21637230326860873,12.048701800806228,1.5640780572304642
-0.26637117489420437,12.049037711757538,1.5640780572304642
-0.31637004651979994,12.049373622708849,1.5640780572304642
-0.4163677897709912,12.050045444611468,1.5640780572304642
-0.5163655330221825,12.050717266514088,1.5640780572304642
-0.566364404647778,12.051053177465398,1.5640780572304642
-0.6163632762733737,12.051389088416709,1.5640780572304642
-0.21132144128046287,12.56634486153633,1.5610409958383868
-0.26131906213727907,12.566832620347688,1.5610409958383868
-0.3113166829940953,12.567320379159044,1.5610409958383868
-0.4113119247077277,12.56829589678176,1.5610409958383868
-0.5113071664213601,12.569271414404477,1.5610409958383868
-0.5613047872781763,12.569759173215834,1.5610409958383868
-0.6113024081349925,12.570246932027192,1.5610409958383868
-0.20599730095813817,13.085865196338814,1.5605485475678413
-0.25599467555663713,13.086377576331957,1.5605485475678413
-0.3059920501551361,13.0868899563251,1.5605485475678413
-0.40598679935213394,13.087914716311387,1.5605485475678413
-0.5059815485491318,13.088939476297673,1.5605485475678413
-0.5559789231476308,13.089451856290816,1.5605485475678413
-0.6059762977461297,13.08996423628396,1.5605485475678413
-0.20346034463476215,13.606683752716336,1.5659308331042976
-0.2534597528102084,13.606927026441026,1.5659308331042976
-0.3034591609856545,13.607170300165716,1.5659308331042976
-0.4034579773365469,13.607656847615095,1.5659308331042976
-0.5034567936874393,13.608143395064474,1.5659308331042976
-0.5534562018628855,13.608386668789164,1.5659308331042976
-0.6034556100383317,13.608629942513854,1.5659308331042976
-0.2021601521854527,14.126906329211065,1.568298108910167
-0.2521599961582188,14.127031239975373,1.568298108910167
-0.302159840130985,14.12715615073968,1.568298108910167
-0.40215952807651734,14.127405972268292,1.568298108910167
-0.5021592160220496,14.127655793796905,1.568298108910167
-0.5521590599948158,14.12778070456121,1.568298108910167
-0.602158903967582,14.127905615325519,1.568298108910167
-0.20138419722305223,14.646901900916683,1.5693042888065276
-0.25138414156862865,14.646976502788421,1.5693042888065276
-0.30138408591420496,14.64705110466016,1.5693042888065276
-0.4013839746053577,14.647200308403638,1.5693042888065276
-0.5013838632965104,14.647349512147116,1.5693042888065276
-0.5513838076420867,14.647424114018856,1.5693042888065276
-0.6013837519876631,14.647498715890594,1.5693042888065276
-0.20134222329401508,15.16696152681018,1.5707160001669422
-0.25134222313270593,15.166965543141572,1.5707160001669422
-0.30134222297139673,15.166969559472966,1.5707160001669422
-0.4013422226487784,15.166977592135753,1.5707160001669422
-0.5013422223261601,15.16698562479854,1.5707160001669422
-0.5513422221648508,15.166989641129934,1.5707160001669422
-0.6013422220035417,15.166993657461326,1.5707160001669422
-0.20189442170039018,15.687028161202655,1.571858361274977
-0.2518943935024619,15.686975059488633,1.571858361274977
-0.3018943653045336,15.686921957774612,1.571858361274977
-0.4018943089086771,15.686815754346568,1.571858361274977
-0.5018942525128206,15.686709550918525,1.571858361274977
-0.5518942243148923,15.686656449204504,1.571858361274977
-0.601894196116964,15.686603347490482,1.571858361274977
-0.20293672673858382,16.20704723983387,1.5728008541561505
-0.25293662628536895,16.20694701353293,1.5728008541561505
-0.302936525832154,16.206846787231985,1.5728008541561505
-0.4029363249257242,16.2066463346301,1.5728008541561505
-0.5029361240192943,16.206445882028216,1.5728008541561505
-0.5529360235660794,16.206345655727272,1.5728008541561505
-0.6029359231128646,16.206245429426332,1.5728008541561505
-0.20390162176341525,16.726860424852685,1.5726525631187258
-0.2539015356231078,16.72676761308979,1.5726525631187258
-0.30390144948280023,16.726674801326897,1.5726525631187258
-0.4039012772021852,16.726489177801113,1.5726525631187258
-0.5039011049215703,16.72630355427533,1.5726525631187258
-0.5539010187812626,16.726210742512436,1.5726525631187258
-0.6039009326409552,16.726117930749542,1.5726525631187258
-0.20050407665686718,17.245009419402315,1.564252955480992
-0.2505030062679825,17.245336585633353,1.564252955480992
-0.30050193587909785,17.245663751864395,1.564252955480992
-0.40049979510132855,17.24631808432648,1.564252955480992
-0.5004976543235592,17.246972416788562,1.564252955480992
-0.5504965839346746,17.247299583019604,1.564252955480992
-0.6004955135457899,17.247626749250642,1.564252955480992
-0.18299325259130625,17.759125293217263,1.5368949048741172
-0.23296452268288045,17.76082003963928,1.5368949048741172
-0.28293579277445463,17.7625147860613,1.5368949048741172
-0.382878332957603,17.765904278905335,1.5368949048741172
-0.48282087314075134,17.76929377174937,1.5368949048741172
-0.5327921432323255,17.77098851817139,1.5368949048741172
-0.5827634133238997,17.772683264593407,1.5368949048741172
-0.184311235156177,18.285591533957447,1.5735550236668525
-0.2343110448960869,18.285453599288807,1.5735550236668525
-0.28431085463599676,18.285315664620168,1.5735550236668525
-0.38431047411581654,18.285039795282884,1.5735550236668525
-0.4843100935956363,18.2847639259456,1.5735550236668525
-0.5343099033355462,18.28462599127696,1.5735550236668525
-0.5843097130754561,18.28448805660832,1.5735550236668525
-0.20083865419600921,18.810843184593747,1.6024100918180981
-0.25081367052342596,18.809262759627345,1.6024100918180981
-0.30078868685084265,18.80768233466094,1.6024100918180981
-0.4007387195056761,18.80452148472813,1.6024100918180981
-0.5006887521605095,18.801360634795323,1.6024100918180981
-0.5506637684879262,18.799780209828917,1.6024100918180981
-0.6006387848153429,18.798199784862515,1.6024100918180981
-0.20895005807661723,19.327393086977363,1.5865467858339923
-0.2589438562808305,19.326605596586052,1.5865467858339923
-0.30893765448504373,19.325818106194745,1.5865467858339923
-0.40892525089347026,19.324243125412128,1.5865467858339923
-0.5089128473018968,19.32266814462951,1.5865467858339923
-0.55890664550611,19.321880654238203,1.5865467858339923
-0.6089004437103233,19.321093163846893,1.5865467858339923
-0.21106954833061575,19.844845056891362,1.5749184484260914
-0.26106912353404876,19.844638951393488,1.5749184484260914
-0.31106869873748166,19.844432845895618,1.5749184484260914
-0.4110678491443476,19.844020634899874,1.5749184484260914
-0.5110669995512135,19.84360842390413,1.5749184484260914
-0.5610665747546464,19.84340231840626,1.5749184484260914
-0.6110661499580794,19.843196212908385,1.5749184484260914
-0.20996045081072634,20.36344615789872,1.5686652368627052
-0.25996033727216183,20.363552712314675,1.5686652368627052
-0.30996022373359733,20.363659266730632,1.5686652368627052
-0.4099599966564683,20.363872375562543,1.5686652368627052
-0.5099597695793393,20.364085484394455,1.5686652368627052
-0.5599596560407748,20.364192038810412,1.5686652368627052
-0.6099595425022103,20.364298593226366,1.5686652368627052
-0.20703350871806492,20.879442760082018,1.5651264088548105
-0.25703270502098186,20.879726254460053,1.5651264088548105
-0.3070319013238988,20.88000974883809,1.5651264088548105
-0.4070302939297326,20.880576737594165,1.5651264088548105
-0.5070286865355664,20.88114372635024,1.5651264088548105
-0.5570278828384834,20.881427220728277,1.5651264088548105
-0.6070270791414003,20.881710715106312,1.5651264088548105
-0.21632791831911813,21.403775363449064,1.5886259407115935
-0.26631997115134154,21.402883929985375,1.5886259407115935
-0.3163120239835649,21.401992496521682,1.5886259407115935
-0.41629612964801166,21.400209629594304,1.5886259407115935
-0.5162802353124585,21.398426762666926,1.5886259407115935
-0.5662722881446818,21.397535329203233,1.5886259407115935
-0.6162643409769052,21.396643895739544,1.5886259407115935
-0.21777841432761078,21.920645034372942,1.5736460421328529
-0.2677782113058105,21.920502548798897,1.5736460421328529
-0.3177780082840102,21.92036006322485,1.5736460421328529
-0.4177776022404096,21.920075092076758,1.5736460421328529
-0.5177771961968091,21.919790120928663,1.5736460421328529
-0.5677769931750087,21.919647635354618,1.5736460421328529
-0.6177767901532084,21.919505149780573,1.5736460421328529
-0.21805199119544563,22.440066441164955,1.5713240601510279
-0.26805198423288346,22.440040054498375,1.5713240601510279
-0.3180519772703212,22.440013667831792,1.5713240601510279
-0.4180519633451968,22.43996089449863,1.5713240601510279
-0.5180519494200724,22.439908121165466,1.5713240601510279
-0.5680519424575101,22.439881734498883,1.5713240601510279
-0.618051935494948,22.439855347832303,1.5713240601510279
-0.2078363970135745,22.95587992431312,1.5510735773130648
-0.25782667265762316,22.956865997856035,1.5510735773130648
-0.3078169483016717,22.957852071398953,1.5510735773130648
-0.4077974995897689,22.959824218484787,1.5510735773130648
-0.5077780508778661,22.96179636557062,1.5510735773130648
-0.5577683265219147,22.96278243911354,1.5510735773130648
-0.6077586021659633,22.963768512656454,1.5510735773130648
-0.18399661619301041,23.469814578692624,1.5245791901521717
-0.23394322510475846,23.47212461293845,1.5245791901521717
-0.28388983401650647,23.474434647184278,1.5245791901521717
-0.38378305184000255,23.479054715675932,1.5245791901521717
-0.48367626966349864,23.483674784167587,1.5245791901521717
-0.5336228785752466,23.485984818413414,1.5245791901521717
-0.5835694874869947,23.48829485265924,1.5245791901521717
-0.16937212676343472,23.992774688659967,1.5429029623377652
-0.21935267703002084,23.994169176038632,1.5429029623377652
-0.26933322729660697,23.9955636634173,1.5429029623377652
-0.3692943278297792,23.99835263817463,1.5429029623377652
-0.4692554283629515,24.00114161293196,1.5429029623377652
-0.5192359786295376,24.00253610031063,1.5429029623377652
-0.5692165288961237,24.003930587689293,1.5429029623377652
-0.16676332916878633,24.517101049097654,1.5659218972042388
-0.21676273516836664,24.51734476961205,1.5659218972042388
-0.2667621411679469,24.517588490126442,1.5659218972042388
-0.36676095316710744,24.51807593115523,1.5659218972042388
-0.466759765166268,24.51856337218402,1.5659218972042388
-0.5167591711658482,24.518807092698413,1.5659218972042388
-0.5667585771654285,24.519050813212807,1.5659218972042388
-0.16606784260363738,25.03756730081385,1.5694624601075555
-0.21606779812363552,25.03763399412844,1.5694624601075555
-0.2660677536436336,25.03770068744303,1.5694624601075555
-0.36606766468362983,25.03783407407221,1.5694624601075555
-0.46606757572362606,25.037967460701392,1.5694624601075555
-0.5160675312436241,25.038034154015982,1.5694624601075555
-0.5660674867636223,25.038100847330572,1.5694624601075555
-0.16562037804708774,25.557476365263515,1.5699357108140524
-0.21562035953059225,25.557519396057245,1.5699357108140524
-0.2656203410140967,25.557562426850975,1.5699357108140524
-0.3656203039811057,25.557648488438435,1.5699357108140524
-0.46562026694811465,25.557734550025895,1.5699357108140524
-0.5156202484316191,25.557777580819625,1.5699357108140524
-0.5656202299151236,25.557820611613355,1.5699357108140524
-0.14779864775192597,26.0514602022296,1.5349815583819357
-0.19776658373860345,26.053250557845477,1.5349815583819357
-0.24773451972528093,26.055040913461355,1.5349815583819357
-0.3476703916986359,26.058621624693107,1.5349815583819357
-0.44760626367199086,26.06220233592486,1.5349815583819357
-0.49757419965866834,26.063992691540737,1.5349815583819357
-0.5475421356453458,26.065783047156614,1.5349815583819357
-0.237515167388908,26.595155984522044,1.7420914264641356
-0.2867834090096203,26.58663305265542,1.7420914264641356
-0.33605165063033265,26.578110120788796,1.7420914264641356
-0.4345881338717573,26.56106425705555,1.7420914264641356
-0.533124617113182,26.5440183933223,1.7420914264641356
-0.5823928587338943,26.535495461455678,1.7420914264641356
-0.6316611003546067,26.526972529589052,1.7420914264641356
-0.23815223024158094,27.08281398471782,1.5776362330740974
-0.2881510606381932,27.082471992070523,1.5776362330740974
-0.3381498910348054,27.082129999423227,1.5776362330740974
-0.4381475518280299,27.081446014128634,1.5776362330740974
-0.5381452126212544,27.08076202883404,1.5776362330740974
-0.5881440430178666,27.080420036186744,1.5776362330740974
-0.6381428734144788,27.080078043539448,1.5776362330740974
-0.20649640755749898,27.586301675285245,1.508940951279045
-0.2564007858644074,27.589392472237645,1.508940951279045
-0.30630516417131587,27.592483269190048,1.508940951279045
-0.40611392078513275,27.598664863094847,1.508940951279045
-0.5059226773989496,27.604846456999645,1.508940951279045
-0.5558270557058581,27.60793725395205,1.508940951279045
-0.6057314340127665,27.611028050904448,1.508940951279045
-0.20669640058808508,28.11420890191383,1.5719264092316423
-0.25669636866093065,28.11415239780402,1.5719264092316423
-0.30669633673377616,28.11409589369421,1.5719264092316423
-0.4066962728794673,28.113982885474588,1.5719264092316423
-0.5066962090251584,28.113869877254967,1.5719264092316423
-0.5566961770980039,28.113813373145156,1.5719264092316423
-0.6066961451708495,28.113756869035345,1.5719264092316423
-0.3892621290058535,28.659055811773147,1.9143202075464334
-0.4363408112949842,28.64221545328768,1.9143202075464334
-0.48341949358411485,28.625375094802212,1.9143202075464334
-0.5775768581623762,28.591694377831274,1.9143202075464334
-0.6717342227406377,28.558013660860336,1.9143202075464334
-0.7188129050297682,28.54117330237487,1.9143202075464334
-0.765891587318899,28.5243329438894,1.9143202075464334
-0.8197883138095343,29.074226200718062,2.415484156226226
-0.8529865510450381,29.036838006799993,2.415484156226226
-0.8861847882805418,28.999449812881924,2.415484156226226
-0.9525812627515494,28.924673425045782,2.415484156226226
-1.018977737222557,28.84989703720964,2.415484156226226
-1.0521759744580608,28.81250884329157,2.415484156226226
-1.0853742116935645,28.775120649373502,2.415484156226226
-1.3537099046353134,29.293377703685888,2.7741588859436552
-1.3716709883990639,29.246715090492547,2.7741588859436552
-1.3896320721628144,29.200052477299202,2.7741588859436552
-1.4255542396903156,29.106727250912517,2.7741588859436552
-1.4614764072178168,29.01340202452583,2.7741588859436552
-1.4794374909815673,28.966739411332487,2.7741588859436552
-1.4973985747453178,28.920076798139146,2.7741588859436552
-1.9173681013099162,29.363740957050062,3.0287514923152044
-1.92299819348673,29.31405894760921,3.0287514923152044
-1.9286282856635437,29.264376938168365,3.0287514923152044
-1.939888470017171,29.165012919286667,3.0287514923152044
-1.9511486543707983,29.06564890040497,3.0287514923152044
-1.956778746547612,29.015966890964123,3.0287514923152044
-1.9624088387244258,28.966284881523272,3.0287514923152044
-2.4500299184064622,29.387340673074554,3.098221126909109
-2.4521978149234736,29.337387692936314,3.098221126909109
-2.454365711440485,29.287434712798074,3.098221126909109
-2.458701504474507,29.18752875252159,3.098221126909109
-2.4630372975085293,29.087622792245106,3.098221126909109
-2.4652051940255406,29.037669812106866,3.098221126909109
-2.467373090542552,28.987716831968626,3.098221126909109
-2.973134764039253,29.39664888737213,3.123926656408216
-2.974018017954581,29.346656689355626,3.123926656408216
-2.9749012718699093,29.296664491339126,3.123926656408216
-2.9766677797005654,29.196680095306125,3.123926656408216
-2.9784342875312215,29.096695699273123,3.123926656408216
-2.97931754144655,29.046703501256623,3.123926656408216
-2.9802007953618777,28.99671130324012,3.123926656408216
-3.4968562835783463,29.394408536412936,-3.137222210002261
-3.4966377620946263,29.344409013931603,-3.137222210002261
-3.4964192406109063,29.29440949145027,-3.137222210002261
-3.495982197643466,29.19441044648761,-3.137222210002261
-3.495545154676026,29.094411401524948,-3.137222210002261
-3.495326633192306,29.044411879043615,-3.137222210002261
-3.495108111708586,28.994412356562282,-3.137222210002261
-4.0246546063571556,29.36523649575335,-3.085879059666463
-4.021870367564416,29.315314075796532,-3.085879059666463
-4.0190861287716775,29.26539165583971,-3.085879059666463
-4.013517651186199,29.165546815926074,-3.085879059666463
-4.007949173600721,29.065701976012438,-3.085879059666463
-4.005164934807983,29.015779556055616,-3.085879059666463
-4.002380696015243,28.965857136098798,-3.085879059666463
-4.540557641261049,29.346567156002287,-3.105347330766063
-4.538745771896547,29.29659999549255,-3.105347330766063
-4.536933902532044,29.24663283498281,-3.105347330766063
-4.533310163803039,29.146698513963333,-3.105347330766063
-4.529686425074034,29.046764192943854,-3.105347330766063
-4.527874555709531,28.996797032434117,-3.105347330766063
-4.526062686345028,28.94682987192438,-3.105347330766063
-5.050257029492724,29.354202744554,3.1271177542513593
-5.050980749186409,29.304207982530315,3.1271177542513593
-5.051704468880094,29.254213220506628,3.1271177542513593
-5.0531519082674645,29.15422369645926,3.1271177542513593
-5.054599347654835,29.05423417241189,3.1271177542513593
-5.05532306734852,29.0042394103882,3.1271177542513593
-5.056046787042205,28.954244648364515,3.1271177542513593
-5.564561760257922,29.37428851319036,3.1026743519499345
-5.566507184152192,29.324326374266256,3.1026743519499345
-5.568452608046461,29.27436423534215,3.1026743519499345
-5.572343455835001,29.17443995749394,3.1026743519499345
-5.576234303623541,29.07451567964573,3.1026743519499345
-5.57817972751781,29.024553540721627,3.1026743519499345
-5.58012515141208,28.97459140179752,3.1026743519499345
-6.086523671536878,29.387688175347503,3.1159603734525154
-6.087805145208674,29.33770459979284,3.1159603734525154
-6.08908661888047,29.28772102423818,3.1159603734525154
-6.091649566224062,29.18775387312886,3.1159603734525154
-6.094212513567653,29.087786722019537,3.1159603734525154
-6.09549398723945,29.037803146464878,3.1159603734525154
-6.096775460911245,28.987819570910215,3.1159603734525154
-6.608784085989662,29.393922447276093,3.12969222820411
-6.609379093214548,29.343925987737418,3.12969222820411
-6.609974100439434,29.293929528198742,3.12969222820411
-6.611164114889205,29.193936609121394,3.12969222820411
-6.612354129338977,29.093943690044046,3.12969222820411
-6.612949136563863,29.04394723050537,3.12969222820411
-6.613544143788749,28.993950770966695,3.12969222820411
-7.1290318666279955,29.398057262308864,3.1336480484835993
-7.1294290927046715,29.34805884021932,3.1336480484835993
-7.1298263187813475,29.29806041812978,3.1336480484835993
-7.130620770934699,29.198063573950694,3.1336480484835993
-7.13141522308805,29.09806672977161,3.1336480484835993
-7.131812449164726,29.04806830768207,3.1336480484835993
-7.132209675241402,28.998069885592525,3.1336480484835993
-7.648255127871582,29.39892937115804,3.1399205914292483
-7.648338730940653,29.34892944105282,3.1399205914292483
-7.648422334009724,29.298929510947602,3.1399205914292483
-7.648589540147866,29.198929650737163,3.1399205914292483
-7.648756746286009,29.098929790526725,3.1399205914292483
-7.64884034935508,29.048929860421506,3.1399205914292483
-7.648923952424151,28.998929930316287,3.1399205914292483
-8.166304480074624,29.40048521656299,3.138589728092978
-8.166454626123807,29.350485442001858,3.138589728092978
-8.166604772172988,29.30048566744073,3.138589728092978
-8.166905064271353,29.200486118318466,3.138589728092978
-8.167205356369717,29.100486569196203,3.138589728092978
-8.167355502418898,29.050486794635074,3.138589728092978
-8.167505648468081,29.00048702007394,3.138589728092978
-8.691239158441405,29.38687048786501,-3.1155012342539297
-8.689934735486666,29.336887505953612,-3.1155012342539297
-8.688630312531927,29.286904524042214,-3.1155012342539297
-8.68602146662245,29.186938560219417,-3.1155012342539297
-8.683412620712971,29.08697259639662,-3.1155012342539297
-8.682108197758232,29.036989614485222,-3.1155012342539297
-8.680803774803493,28.987006632573824,-3.1155012342539297
-9.205639980090773,29.38110108026803,-3.1303345714579667
-9.205077087874932,29.331104248844895,-3.1303345714579667
-9.204514195659089,29.28110741742176,-3.1303345714579667
-9.203388411227406,29.18111375457549,-3.1303345714579667
-9.202262626795724,29.081120091729222,-3.1303345714579667
-9.201699734579881,29.03112326030609,-3.1303345714579667
-9.20113684236404,28.981126428882952,-3.1303345714579667
-9.746474378696451,29.234345567863944,-2.864043234414288
-9.732774394842068,29.18625907867634,-2.864043234414288
-9.719074410987684,29.138172589488736,-2.864043234414288
-9.691674443278917,29.041999611113525,-2.864043234414288
-9.66427447557015,28.945826632738314,-2.864043234414288
-9.650574491715766,28.89774014355071,-2.864043234414288
-9.636874507861382,28.849653654363106,-2.864043234414288
-10.187228468515384,28.78340037319059,-2.2947152159791657
-10.149767673150253,28.7502840809674,-2.2947152159791657
-10.112306877785121,28.71716778874421,-2.2947152159791657
-10.037385287054859,28.650935204297827,-2.2947152159791657
-9.962463696324596,28.584702619851445,-2.2947152159791657
-9.925002900959464,28.551586327628254,-2.2947152159791657
-9.887542105594333,28.518470035405063,-2.2947152159791657
-10.324892784761634,28.18338058778803,-1.7491463144210007
-10.275685897042209,28.174510288978645,-1.7491463144210007
-10.226479009322782,28.165639990169257,-1.7491463144210007
-10.12806523388393,28.14789939255048,-1.7491463144210007
-10.029651458445079,28.130158794931706,-1.7491463144210007
-9.980444570725652,28.121288496122318,-1.7491463144210007
-9.931237683006227,28.112418197312934,-1.7491463144210007
