-10.483787628343427,27.92125735755922,-1.5674971316286292,1.0
-10.38378817257737,27.921587276477336,-1.5674971316286292,1.0
-10.283788716811314,27.92191719539545,-1.5674971316286292,1.0
-10.183789261045257,27.922247114313567,-1.5674971316286292,1.0
-10.083789805279201,27.922577033231683,-1.5674971316286292,0.0
-9.983790349513145,27.9229069521498,-1.5674971316286292,0.0
-9.883790893747088,27.923236871067914,-1.5674971316286292,1.0
-10.466048871347102,27.3942641032501,-1.536882109968419,1.0
-10.366106374540374,27.397654874849238,-1.536882109968419,1.0
-10.266163877733648,27.401045646448374,-1.536882109968419,1.0
-10.166221380926922,27.40443641804751,-1.536882109968419,1.0
-10.066278884120196,27.407827189646646,-1.536882109968419,0.0
-9.96633638731347,27.411217961245782,-1.536882109968419,0.3333333333333333
-9.866393890506743,27.41460873284492,-1.536882109968419,1.0
-10.446972224516957,26.87362223200463,-1.5341699616335274,1.0
-10.347039291550217,26.877284049676938,-1.5341699616335274,1.0
-10.247106358583478,26.88094586734924,-1.5341699616335274,1.0
-10.147173425616739,26.884607685021546,-1.5341699616335274,0.0
-10.04724049265,26.888269502693852,-1.5341699616335274,0.0
-9.94730755968326,26.891931320366155,-1.5341699616335274,0.0
-9.84737462671652,26.89559313803846,-1.5341699616335274,0.6666666666666666
-10.456898611555385,26.370167285815057,-1.58959544846085,1.0
-10.356916281383759,26.368287484375518,-1.58959544846085,1.0
-10.256933951212135,26.36640768293598,-1.58959544846085,1.0
-10.156951621040509,26.36452788149644,-1.58959544846085,0.0
-10.056969290868883,26.3626480800569,-1.58959544846085,0.0
-9.95698696069726,26.36076827861736,-1.58959544846085,0.0
-9.857004630525633,26.35888847717782,-1.58959544846085,0.0
-10.474745127208553,25.855448596869458,-1.605382226872567,1.0
-10.374804930471095,25.85199069633907,-1.605382226872567,1.0
-10.274864733733637,25.848532795808683,-1.605382226872567,1.0
-10.174924536996178,25.845074895278294,-1.605382226872567,0.3333333333333333
-10.07498434025872,25.841616994747906,-1.605382226872567,0.0
-9.975044143521261,25.83815909421752,-1.605382226872567,0.0
-9.875103946783803,25.83470119368713,-1.605382226872567,0.6666666666666666
-10.481204850250219,25.32894284154168,-1.5829210415376702,1.0
-10.38121220059555,25.327730399774495,-1.5829210415376702,1.0
-10.281219550940882,25.326517958007308,-1.5829210415376702,1.0
-10.181226901286214,25.325305516240125,-1.5829210415376702,1.0
-10.081234251631546,25.32409307447294,-1.5829210415376702,0.0
-9.981241601976878,25.322880632705754,-1.5829210415376702,0.0
-9.88124895232221,25.32166819093857,-1.5829210415376702,0.6666666666666666
-10.483294115328885,24.806559973568387,-1.5747767495405398,1.0
-10.3832949075161,24.806161932344903,-1.5747767495405398,1.0
-10.283295699703316,24.80576389112142,-1.5747767495405398,1.0
-10.183296491890532,24.805365849897935,-1.5747767495405398,1.0
-10.083297284077748,24.80496780867445,-1.5747767495405398,0.0
-9.983298076264964,24.804569767450968,-1.5747767495405398,0.0
-9.88329886845218,24.804171726227484,-1.5747767495405398,0.6666666666666666
-10.492038744070646,24.292181975904597,-1.5877460410315065,1.0
-10.39205310836738,24.29048708563862,-1.5877460410315065,1.0
-10.292067472664113,24.288792195372647,-1.5877460410315065,1.0
-10.192081836960847,24.28709730510667,-1.5877460410315065,1.0
-10.092096201257581,24.285402414840693,-1.5877460410315065,0.0
-9.992110565554315,24.28370752457472,-1.5877460410315065,0.3333333333333333
-9.892124929851049,24.282012634308742,-1.5877460410315065,0.6666666666666666
-10.496059447694913,23.769549342944583,-1.5784646253784635,1.0
-10.396062387820663,23.768782520601494,-1.5784646253784635,1.0
-10.296065327946415,23.768015698258406,-1.5784646253784635,1.0
-10.196068268072166,23.767248875915318,-1.5784646253784635,1.0
-10.096071208197916,23.76648205357223,-1.5784646253784635,0.0
-9.996074148323668,23.76571523122914,-1.5784646253784635,0.0
-9.896077088449418,23.764948408886053,-1.5784646253784635,0.0
-10.49778031341032,23.248307393178525,-1.5740922853810013,1.0
-10.397780856576977,23.247977797916665,-1.5740922853810013,1.0
-10.297781399743636,23.24764820265481,-1.5740922853810013,0.0
-10.197781942910295,23.24731860739295,-1.5740922853810013,0.0
-10.097782486076953,23.24698901213109,-1.5740922853810013,0.0
-9.997783029243612,23.24665941686923,-1.5740922853810013,0.0
-9.897783572410269,23.24632982160737,-1.5740922853810013,0.0
-10.498710597943404,22.727924297163973,-1.5725833602738049,1.0
-10.398710757617794,22.727745593911198,-1.5725833602738049,1.0
-10.298710917292185,22.72756689065842,-1.5725833602738049,1.0
-10.198711076966575,22.727388187405644,-1.5725833602738049,0.0
-10.098711236640964,22.72720948415287,-1.5725833602738049,0.0
-9.998711396315356,22.72703078090009,-1.5725833602738049,0.0
-9.898711555989745,22.726852077647315,-1.5725833602738049,0.0
-10.499125288768662,22.207696681902913,-1.5715931773579788,1.0
-10.399125320517202,22.207616996855037,-1.5715931773579788,1.0
-10.29912535226574,22.20753731180716,-1.5715931773579788,1.0
-10.19912538401428,22.207457626759286,-1.5715931773579788,0.0
-10.09912541576282,22.20737794171141,-1.5715931773579788,0.0
-9.999125447511359,22.207298256663535,-1.5715931773579788,0.0
-9.899125479259899,22.20721857161566,-1.5715931773579788,0.0
-10.499454759207369,21.687724146083355,-1.5714299494872865,1.0
-10.399454779281255,21.687660783818355,-1.5714299494872865,1.0
-10.29945479935514,21.687597421553356,-1.5714299494872865,1.0
-10.199454819429025,21.687534059288357,-1.5714299494872865,0.0
-10.099454839502911,21.687470697023358,-1.5714299494872865,0.0
-9.999454859576796,21.68740733475836,-1.5714299494872865,0.0
-9.899454879650682,21.68734397249336,-1.5714299494872865,0.0
-10.499249648417544,21.167465903804796,-1.5704017739858862,1.0
-10.39924965620114,21.167505359084675,-1.5704017739858862,1.0
-10.299249663984735,21.16754481436455,-1.5704017739858862,1.0
-10.199249671768332,21.16758426964443,-1.5704017739858862,0.0
-10.099249679551928,21.167623724924308,-1.5704017739858862,0.0
-9.999249687335523,21.167663180204183,-1.5704017739858862,0.0
-9.899249695119119,21.167702635484062,-1.5704017739858862,0.0
-10.49821430961884,20.647014831865693,-1.5688062852220437,1.0
-10.398214507632048,20.647213835891627,-1.5688062852220437,1.0
-10.298214705645256,20.64741283991756,-1.5688062852220437,1.0
-10.198214903658464,20.647611843943494,-1.5688062852220437,0.0
-10.098215101671672,20.647810847969428,-1.5688062852220437,0.0
-9.99821529968488,20.64800985199536,-1.5688062852220437,0.0
-9.898215497698088,20.648208856021295,-1.5688062852220437,0.0
-10.49637575127002,20.12658141856726,-1.5672629103156197,1.0
-10.39637637552097,20.12693475947994,-1.5672629103156197,1.0
-10.296376999771923,20.127288100392622,-1.5672629103156197,1.0
-10.196377624022874,20.127641441305304,-1.5672629103156197,0.0
-10.096378248273826,20.127994782217986,-1.5672629103156197,0.0
-9.996378872524778,20.128348123130667,-1.5672629103156197,0.0
-9.896379496775728,20.12870146404335,-1.5672629103156197,0.0
-10.494170197194292,19.606383835739546,-1.5665563691091589,1.0
-10.394171096055004,19.60680783023774,-1.5665563691091589,1.0
-10.294171994915716,19.607231824735937,-1.5665563691091589,1.0
-10.194172893776429,19.607655819234132,-1.5665563691091589,0.0
-10.094173792637141,19.608079813732328,-1.5665563691091589,0.0
-9.994174691497854,19.608503808230523,-1.5665563691091589,0.0
-9.894175590358566,19.60892780272872,-1.5665563691091589,0.0
-10.492962839925642,19.086969710044478,-1.5684708127264335,1.0
-10.392963110326304,19.087202261241718,-1.5684708127264335,1.0
-10.292963380726967,19.087434812438957,-1.5684708127264335,1.0
-10.192963651127629,19.087667363636196,-1.5684708127264335,0.0
-10.092963921528291,19.087899914833436,-1.5684708127264335,0.0
-9.992964191928953,19.088132466030675,-1.5684708127264335,0.0
-9.892964462329616,19.088365017227915,-1.5684708127264335,0.0
-10.493012533573852,18.56773835970337,-1.5708903417851858,1.0
-10.393012534015792,18.567728958204356,-1.5708903417851858,1.0
-10.293012534457734,18.567719556705338,-1.5708903417851858,1.0
-10.193012534899674,18.567710155206324,-1.5708903417851858,0.0
-10.093012535341614,18.56770075370731,-1.5708903417851858,0.0
-9.993012535783556,18.567691352208293,-1.5708903417851858,0.0
-9.893012536225497,18.56768195070928,-1.5708903417851858,0.0
-10.493718375381382,18.048168870772013,-1.5721543774900446,1.0
-10.393718467596452,18.048033065744242,-1.5721543774900446,1.0
-10.293718559811524,18.04789726071647,-1.5721543774900446,1.0
-10.193718652026593,18.0477614556887,-1.5721543774900446,0.0
-10.093718744241663,18.04762565066093,-1.5721543774900446,0.0
-9.993718836456734,18.04748984563316,-1.5721543774900446,0.0
-9.893718928671804,18.047354040605388,-1.5721543774900446,0.0
-10.495232761066875,17.528686582003928,-1.573710801574081,1.0
-10.395233185774737,17.528395134938613,-1.573710801574081,1.0
-10.295233610482597,17.528103687873294,-1.573710801574081,1.0
-10.19523403519046,17.527812240807975,-1.573710801574081,0.0
-10.095234459898322,17.527520793742656,-1.573710801574081,0.0
-9.995234884606182,17.527229346677338,-1.573710801574081,0.0
-9.895235309314044,17.526937899612022,-1.573710801574081,0.0
-10.491394346612935,17.01212411251164,-1.5633345122924962,1.0
-10.3913971305338,17.0128702870375,-1.5633345122924962,1.0
-10.291399914454667,17.01361646156336,-1.5633345122924962,1.0
-10.191402698375533,17.01436263608922,-1.5633345122924962,0.0
-10.0914054822964,17.015108810615082,-1.5633345122924962,0.0
-9.991408266217267,17.01585498514094,-1.5633345122924962,0.0
-9.891411050138132,17.016601159666802,-1.5633345122924962,0.6666666666666666
-10.48284273940882,16.489780778422375,-1.5544032647343011,1.0
-10.382856175732105,16.49142001120695,-1.5544032647343011,1.0
-10.282869612055388,16.493059243991524,-1.5544032647343011,1.0
-10.182883048378672,16.4946984767761,-1.5544032647343011,1.0
-10.082896484701957,16.496337709560677,-1.5544032647343011,0.0
-9.98290992102524,16.49797694234525,-1.5544032647343011,0.0
-9.882923357348524,16.499616175129827,-1.5544032647343011,1.0
-10.455943357856086,15.960218621079209,-1.5197038563357343,1.0
-10.356073851492104,15.965325645517643,-1.5197038563357343,1.0
-10.256204345128124,15.970432669956077,-1.5197038563357343,1.0
-10.156334838764142,15.975539694394511,-1.5197038563357343,0.0
-10.05646533240016,15.980646718832945,-1.5197038563357343,0.0
-9.95659582603618,15.98575374327138,-1.5197038563357343,0.0
-9.856726319672198,15.990860767709814,-1.5197038563357343,0.6666666666666666
-10.442311320781121,15.44756908708509,-1.5440380607322326,1.0
-10.342347118885211,15.450244594385337,-1.5440380607322326,1.0
-10.2423829169893,15.452920101685585,-1.5440380607322326,1.0
-10.14241871509339,15.455595608985833,-1.5440380607322326,0.0
-10.04245451319748,15.458271116286081,-1.5440380607322326,0.0
-9.942490311301569,15.460946623586329,-1.5440380607322326,0.0
-9.842526109405659,15.463622130886575,-1.5440380607322326,0.6666666666666666
-10.438992496871892,14.933606814528627,-1.5642202169721275,1.0
-10.33899465912512,14.934264420771159,-1.5642202169721275,1.0
-10.238996821378347,14.934922027013691,-1.5642202169721275,1.0
-10.138998983631575,14.935579633256223,-1.5642202169721275,0.0
-10.039001145884804,14.936237239498755,-1.5642202169721275,0.0
-9.93900330813803,14.936894845741287,-1.5642202169721275,0.0
-9.839005470391259,14.93755245198382,-1.5642202169721275,0.3333333333333333
-10.439915819300781,14.416133721961696,-1.572560452524092,1.0
-10.33991597490772,14.41595730948028,-1.572560452524092,1.0
-10.23991613051466,14.415780896998864,-1.572560452524092,1.0
-10.139916286121599,14.415604484517448,-1.572560452524092,0.0
-10.039916441728538,14.415428072036033,-1.572560452524092,0.0
-9.939916597335477,14.415251659554617,-1.572560452524092,0.0
-9.839916752942417,14.4150752470732,-1.572560452524092,0.0
-10.442009708366978,13.897630165914396,-1.5748331417764285,1.0
-10.342010523159631,13.897226485512633,-1.5748331417764285,1.0
-10.242011337952285,13.896822805110869,-1.5748331417764285,1.0
-10.142012152744938,13.896419124709105,-1.5748331417764285,0.0
-10.042012967537591,13.896015444307341,-1.5748331417764285,0.0
-9.942013782330244,13.895611763905578,-1.5748331417764285,0.0
-9.842014597122898,13.895208083503814,-1.5748331417764285,0.0
-10.445462269555783,13.381819927679166,-1.5774876493702603,1.0
-10.34546450823732,13.381150800414883,-1.5774876493702603,1.0
-10.245466746918858,13.380481673150602,-1.5774876493702603,1.0
-10.145468985600395,13.379812545886319,-1.5774876493702603,0.0
-10.045471224281933,13.379143418622036,-1.5774876493702603,0.0
-9.94547346296347,13.378474291357755,-1.5774876493702603,0.0
-9.845475701645007,13.377805164093472,-1.5774876493702603,0.0
-10.447485498280903,12.86107249110704,-1.5746792753568077,1.0
-10.347486252144433,12.860684197226586,-1.5746792753568077,1.0
-10.247487006007962,12.860295903346135,-1.5746792753568077,1.0
-10.147487759871492,12.859907609465681,-1.5746792753568077,0.0
-10.047488513735022,12.859519315585228,-1.5746792753568077,0.0
-9.94748926759855,12.859131021704776,-1.5746792753568077,0.0
-9.84749002146208,12.858742727824323,-1.5746792753568077,0.0
-10.448305692130097,12.34044840646372,-1.572370194424059,1.0
-10.348305815983037,12.340291019765779,-1.572370194424059,1.0
-10.248305939835976,12.34013363306784,-1.572370194424059,1.0
-10.148306063688917,12.339976246369899,-1.572370194424059,0.0
-10.048306187541858,12.339818859671958,-1.572370194424059,0.0
-9.948306311394797,12.339661472974019,-1.572370194424059,0.0
-9.848306435247737,12.339504086276078,-1.572370194424059,0.0
-10.44880460578108,11.820343765540335,-1.5717554738136235,1.0
-10.348804651779226,11.820247850853168,-1.5717554738136235,1.0
-10.248804697777373,11.820151936166003,-1.5717554738136235,1.0
-10.14880474377552,11.820056021478836,-1.5717554738136235,0.0
-10.048804789773666,11.819960106791669,-1.5717554738136235,0.0
-9.948804835771814,11.819864192104504,-1.5717554738136235,0.0
-9.84880488176996,11.819768277417337,-1.5717554738136235,0.0
-10.44916948867113,11.300351399361016,-1.571498015725727,1.0
-10.349169513289498,11.30028123047369,-1.571498015725727,1.0
-10.249169537907864,11.300211061586365,-1.571498015725727,1.0
-10.14916956252623,11.30014089269904,-1.571498015725727,0.3333333333333333
-10.049169587144597,11.300070723811716,-1.571498015725727,0.0
-9.949169611762963,11.300000554924392,-1.571498015725727,0.0
-9.849169636381331,11.299930386037065,-1.571498015725727,0.0
-10.44893186871104,10.780050267030795,-1.5703392427295801,1.0
-10.348931879157332,10.780095975435735,-1.5703392427295801,1.0
-10.248931889603625,10.780141683840675,-1.5703392427295801,1.0
-10.148931900049917,10.780187392245615,-1.5703392427295801,1.0
-10.048931910496208,10.780233100650555,-1.5703392427295801,0.0
-9.948931920942501,10.780278809055496,-1.5703392427295801,0.0
-9.848931931388792,10.780324517460436,-1.5703392427295801,0.3333333333333333
-10.439600476173501,10.256079782132499,-1.5529021786064523,1.0
-10.339616485773274,10.257869101457608,-1.5529021786064523,1.0
-10.239632495373046,10.259658420782715,-1.5529021786064523,1.0
-10.139648504972818,10.261447740107824,-1.5529021786064523,1.0
-10.039664514572591,10.263237059432933,-1.5529021786064523,0.3333333333333333
-9.939680524172363,10.26502637875804,-1.5529021786064523,0.6666666666666666
-9.839696533772136,10.26681569808315,-1.5529021786064523,0.6666666666666666
-10.407872455360552,9.724968611039063,-1.510624456932952,1.0
-10.308053433441884,9.730982167657258,-1.510624456932952,1.0
-10.208234411523215,9.736995724275452,-1.510624456932952,0.6666666666666666
-10.108415389604545,9.743009280893647,-1.510624456932952,1.0
-10.008596367685875,9.749022837511841,-1.510624456932952,0.3333333333333333
-9.908777345767206,9.755036394130036,-1.510624456932952,0.3333333333333333
-9.808958323848538,9.76104995074823,-1.510624456932952,0.3333333333333333
-10.392338236125239,9.213951751687034,-1.5401512675092792,0.3333333333333333
-10.292385188433512,9.217015777981825,-1.5401512675092792,0.3333333333333333
-10.192432140741783,9.220079804276615,-1.5401512675092792,0.3333333333333333
-10.092479093050056,9.223143830571406,-1.5401512675092792,1.0
-9.992526045358328,9.226207856866196,-1.5401512675092792,0.3333333333333333
-9.8925729976666,9.229271883160987,-1.5401512675092792,0.3333333333333333
-9.792619949974872,9.232335909455777,-1.5401512675092792,0.3333333333333333
-10.387871235960151,8.700455928050534,-1.5619584459225255,1.0
-10.287875141341647,8.701339704632643,-1.5619584459225255,1.0
-10.187879046723141,8.70222348121475,-1.5619584459225255,1.0
-10.087882952104637,8.703107257796859,-1.5619584459225255,0.6666666666666666
-9.987886857486133,8.703991034378967,-1.5619584459225255,0.0
-9.887890762867627,8.704874810961075,-1.5619584459225255,0.0
-9.787894668249123,8.705758587543183,-1.5619584459225255,0.0
-10.389096371401285,8.183730887181994,-1.573131048821324,1.0
-10.289096643947508,8.183497415191459,-1.573131048821324,1.0
-10.189096916493732,8.183263943200922,-1.573131048821324,1.0
-10.089097189039954,8.183030471210387,-1.573131048821324,0.0
-9.989097461586177,8.182796999219851,-1.573131048821324,0.0
-9.8890977341324,8.182563527229314,-1.573131048821324,0.0
-9.789098006678623,8.18233005523878,-1.573131048821324,0.0
-10.405472971703126,7.6726517187318,-1.6025742595994368,1.0
-10.305523459304892,7.669474460266555,-1.6025742595994368,1.0
-10.205573946906657,7.666297201801308,-1.6025742595994368,0.3333333333333333
-10.105624434508421,7.663119943336063,-1.6025742595994368,0.0
-10.005674922110185,7.659942684870817,-1.6025742595994368,0.0
-9.90572540971195,7.6567654264055705,-1.6025742595994368,0.0
-9.805775897313715,7.653588167940325,-1.6025742595994368,0.3333333333333333
-10.44829300569473,7.171543848757374,-1.6552137480084126,1.0
-10.348649109194513,7.163112129463299,-1.6552137480084126,1.0
-10.249005212694296,7.154680410169222,-1.6552137480084126,1.0
-10.14936131619408,7.146248690875146,-1.6552137480084126,1.0
-10.049717419693863,7.137816971581071,-1.6552137480084126,0.0
-9.950073523193646,7.129385252286994,-1.6552137480084126,0.3333333333333333
-9.85042962669343,7.120953532992918,-1.6552137480084126,1.0
-10.473518044987083,6.641569982560275,-1.6179649832847638,1.0
-10.373629268470946,6.636854865795093,-1.6179649832847638,1.0
-10.27374049195481,6.63213974902991,-1.6179649832847638,1.0
-10.173851715438673,6.627424632264727,-1.6179649832847638,1.0
-10.073962938922536,6.622709515499545,-1.6179649832847638,0.0
-9.9740741624064,6.6179943987343615,-1.6179649832847638,0.6666666666666666
-9.874185385890263,6.613279281969179,-1.6179649832847638,1.0
-10.485993892750987,6.114803475072489,-1.5943165311706753,1.0
-10.386021551476578,6.112451671485203,-1.5943165311706753,1.0
-10.286049210202169,6.110099867897917,-1.5943165311706753,1.0
-10.18607686892776,6.1077480643106306,-1.5943165311706753,1.0
-10.086104527653351,6.105396260723344,-1.5943165311706753,0.0
-9.986132186378942,6.1030444571360585,-1.5943165311706753,0.6666666666666666
-9.886159845104533,6.100692653548772,-1.5943165311706753,1.0
-10.492414433498569,5.591585292487294,-1.5830304463234073,1.0
-10.392421917089258,5.590361911052977,-1.5830304463234073,1.0
-10.292429400679948,5.589138529618658,-1.5830304463234073,1.0
-10.192436884270638,5.587915148184341,-1.5830304463234073,1.0
-10.092444367861328,5.5866917667500235,-1.5830304463234073,0.0
-9.992451851452017,5.585468385315705,-1.5830304463234073,0.3333333333333333
-9.892459335042707,5.584245003881388,-1.5830304463234073,1.0
-10.49584431610149,5.069981570152778,-1.577362642446861,1.0
-10.395846471918805,5.069324943306181,-1.577362642446861,1.0
-10.295848627736122,5.068668316459583,-1.577362642446861,1.0
-10.195850783553437,5.068011689612986,-1.577362642446861,1.0
-10.095852939370753,5.067355062766389,-1.577362642446861,0.0
-9.99585509518807,5.066698435919791,-1.577362642446861,0.3333333333333333
-9.895857251005385,5.066041809073194,-1.577362642446861,1.0
-10.497517988189719,4.549052858868857,-1.5740059333670922,1.0
-10.397518503267994,4.5487318987627035,-1.5740059333670922,1.0
-10.29751901834627,4.54841093865655,-1.5740059333670922,1.0
-10.197519533424545,4.548089978550397,-1.5740059333670922,1.0
-10.09752004850282,4.547769018444244,-1.5740059333670922,0.0
-9.997520563581096,4.547448058338091,-1.5740059333670922,0.3333333333333333
-9.897521078659372,4.547127098231938,-1.5740059333670922,1.0
-10.49844354347884,4.028697987748149,-1.5725744343644046,1.0
-10.398443701562126,4.0285201770848955,-1.5725744343644046,1.0
-10.29844385964541,4.028342366421641,-1.5725744343644046,1.0
-10.198444017728695,4.028164555758386,-1.5725744343644046,1.0
-10.09844417581198,4.027986745095132,-1.5725744343644046,0.0
-9.998444333895264,4.027808934431877,-1.5725744343644046,0.3333333333333333
-9.89844449197855,4.027631123768623,-1.5725744343644046,1.0
-10.499056896772297,3.508598497566758,-1.571975522730407,1.0
-10.39905696629744,3.508480578000535,-1.571975522730407,1.0
-10.299057035822585,3.508362658434312,-1.571975522730407,1.0
-10.19905710534773,3.508244738868089,-1.571975522730407,1.0
-10.099057174872875,3.5081268193018658,-1.571975522730407,0.0
-9.99905724439802,3.5080088997356427,-1.571975522730407,0.3333333333333333
-9.899057313923164,3.5078909801694196,-1.571975522730407,1.0
-10.499154253134858,2.9883692121678487,-1.570983184116812,1.0
-10.399154254880642,2.9883505264357657,-1.570983184116812,1.0
-10.299154256626425,2.988331840703683,-1.570983184116812,1.0
-10.199154258372207,2.9883131549716,-1.570983184116812,1.0
-10.09915426011799,2.9882944692395172,-1.570983184116812,0.0
-9.999154261863772,2.9882757835074347,-1.570983184116812,0.0
-9.899154263609557,2.9882570977753518,-1.570983184116812,1.0
-10.499279222241755,2.468453697365009,-1.5710366902222173,1.0
-10.399279225130485,2.4684296610225083,-1.5710366902222173,1.0
-10.299279228019213,2.468405624680008,-1.5710366902222173,1.0
-10.199279230907942,2.468381588337507,-1.5710366902222173,1.0
-10.099279233796672,2.4683575519950063,-1.5710366902222173,0.0
-9.9992792366854,2.468333515652506,-1.5710366902222173,0.0
-9.89927923957413,2.468309479310005,-1.5710366902222173,1.0
-10.4986629798414,1.9480549340353022,-1.569611568487838,1.0
-10.398663050024005,1.9481734098382915,-1.569611568487838,1.0
-10.298663120206609,1.948291885641281,-1.569611568487838,1.0
-10.198663190389214,1.9484103614442703,-1.569611568487838,0.6666666666666666
-10.098663260571819,1.9485288372472596,-1.569611568487838,0.0
-9.998663330754422,1.948647313050249,-1.569611568487838,0.0
-9.898663400937027,1.9487657888532384,-1.569611568487838,1.0
-10.497448984128104,1.4277351225772605,-1.5684627783869032,1.0
-10.397449256400389,1.427968477206273,-1.5684627783869032,1.0
-10.297449528672674,1.4282018318352854,-1.5684627783869032,1.0
-10.197449800944959,1.428435186464298,-1.5684627783869032,0.6666666666666666
-10.097450073217244,1.4286685410933104,-1.5684627783869032,0.0
-9.99745034548953,1.4289018957223227,-1.5684627783869032,0.0
-9.897450617761814,1.4291352503513353,-1.5684627783869032,1.0
-10.495950320433524,0.9075959955643838,-1.5679149735512645,1.0
-10.395950735543064,0.9078841304900545,-1.5679149735512645,1.0
-10.295951150652602,0.9081722654157252,-1.5679149735512645,1.0
-10.19595156576214,0.9084604003413959,-1.5679149735512645,0.6666666666666666
-10.095951980871678,0.9087485352670666,-1.5679149735512645,0.0
-9.995952395981217,0.9090366701927373,-1.5679149735512645,0.0
-9.895952811090757,0.909324805118408,-1.5679149735512645,1.0
-10.494160236404412,0.3874518446528104,-1.5673547346158296,1.0
-10.394160828631664,0.3877960031913153,-1.5673547346158296,1.0
-10.294161420858915,0.38814016172982013,-1.5673547346158296,1.0
-10.194162013086167,0.388484320268325,-1.5673547346158296,0.6666666666666666
-10.09416260531342,0.3888284788068299,-1.5673547346158296,0.0
-9.99416319754067,0.38917263734533475,-1.5673547346158296,0.0
-9.894163789767923,0.38951679588383964,-1.5673547346158296,1.0
-10.493004386126183,-0.1321761521532521,-1.568571522772702,1.0
-10.393004633613728,-0.13195367193456978,-1.568571522772702,1.0
-10.293004881101272,-0.13173119171588743,-1.568571522772702,1.0
-10.193005128588817,-0.13150871149720508,-1.568571522772702,0.6666666666666666
-10.093005376076363,-0.13128623127852274,-1.568571522772702,0.0
-9.993005623563906,-0.1310637510598404,-1.568571522772702,0.0
-9.893005871051452,-0.13084127084115807,-1.568571522772702,0.6666666666666666
-10.492623350388156,-0.6517099134614994,-1.5700622666710624,1.0
-10.392623377330366,-0.6516365074557084,-1.5700622666710624,1.0
-10.292623404272579,-0.6515631014499174,-1.5700622666710624,1.0
-10.192623431214791,-0.6514896954441264,-1.5700622666710624,0.6666666666666666
-10.092623458157004,-0.6514162894383354,-1.5700622666710624,0.0
-9.992623485099216,-0.6513428834325443,-1.5700622666710624,0.0
-9.892623512041427,-0.6512694774267533,-1.5700622666710624,0.6666666666666666
-10.492978647642417,-1.1712441766657398,-1.5714796231417056,1.0
-10.392978670987112,-1.1713125062951035,-1.5714796231417056,1.0
-10.292978694331806,-1.1713808359244673,-1.5714796231417056,1.0
-10.1929787176765,-1.171449165553831,-1.5714796231417056,1.0
-10.092978741021193,-1.1715174951831948,-1.5714796231417056,0.0
-9.992978764365887,-1.1715858248125586,-1.5714796231417056,0.3333333333333333
-9.892978787710582,-1.1716541544419223,-1.5714796231417056,0.6666666666666666
-10.494424270788036,-1.6895958392014216,-1.5735839231183575,1.0
-10.394424659322448,-1.689874598472742,-1.5735839231183575,0.6666666666666666
-10.294425047856858,-1.6901533577440622,-1.5735839231183575,0.6666666666666666
-10.19442543639127,-1.6904321170153824,-1.5735839231183575,1.0
-10.094425824925683,-1.6907108762867027,-1.5735839231183575,0.3333333333333333
-9.994426213460093,-1.690989635558023,-1.5735839231183575,0.3333333333333333
-9.894426601994505,-1.6912683948293432,-1.5735839231183575,0.6666666666666666
-10.496732639161493,-2.2090588095489396,-1.5752392655437677,0.3333333333333333
-10.396733626145107,-2.2095031019621234,-1.5752392655437677,0.3333333333333333
-10.296734613128718,-2.2099473943753067,-1.5752392655437677,0.3333333333333333
-10.196735600112332,-2.2103916867884905,-1.5752392655437677,1.0
-10.096736587095945,-2.2108359792016743,-1.5752392655437677,0.3333333333333333
-9.996737574079557,-2.2112802716148576,-1.5752392655437677,0.3333333333333333
-9.89673856106317,-2.2117245640280414,-1.5752392655437677,0.3333333333333333
-10.518957649884364,-2.7172052961286575,-1.614061459124568,0.6666666666666666
-10.419051228869453,-2.7215304597083536,-1.614061459124568,0.6666666666666666
-10.31914480785454,-2.72585562328805,-1.614061459124568,0.6666666666666666
-10.219238386839628,-2.730180786867747,-1.614061459124568,1.0
-10.119331965824715,-2.7345059504474434,-1.614061459124568,0.3333333333333333
-10.019425544809803,-2.73883111402714,-1.614061459124568,0.3333333333333333
-9.919519123794892,-2.743156277606836,-1.614061459124568,0.3333333333333333
-10.589107865024017,-3.193364867996786,-1.7139613809533578,0.0
-10.490130927457923,-3.2076325177695306,-1.7139613809533578,0.0
-10.39115398989183,-3.2219001675422754,-1.7139613809533578,0.0
-10.292177052325737,-3.23616781731502,-1.7139613809533578,0.3333333333333333
-10.193200114759644,-3.250435467087765,-1.7139613809533578,0.6666666666666666
-10.094223177193552,-3.2647031168605096,-1.7139613809533578,1.0
-9.995246239627457,-3.2789707666332544,-1.7139613809533578,1.0
-10.464597324265583,-3.7993405583680446,-1.33345405732628,0.0
-10.36740069495561,-3.775828534831573,-1.33345405732628,0.0
-10.270204065645636,-3.7523165112951014,-1.33345405732628,0.0
-10.173007436335663,-3.7288044877586297,-1.33345405732628,0.3333333333333333
-10.07581080702569,-3.705292464222158,-1.33345405732628,1.0
-9.978614177715716,-3.6817804406856864,-1.33345405732628,1.0
-9.881417548405743,-3.658268417149215,-1.33345405732628,1.0
-10.144649212229165,-4.318634361144539,-0.9898534534156412,0.0
-10.061054656129299,-4.263753124000445,-0.9898534534156412,0.0
-9.977460100029433,-4.20887188685635,-0.9898534534156412,0.0
-9.893865543929566,-4.153990649712256,-0.9898534534156412,0.3333333333333333
-9.8102709878297,-4.099109412568161,-0.9898534534156412,1.0
-9.726676431729834,-4.044228175424067,-0.9898534534156412,1.0
-9.643081875629967,-3.9893469382799727,-0.9898534534156412,1.0
-9.744627141880814,-4.723999548168324,-0.7805339617524094,0.0
-9.6742612499245,-4.652945756931034,-0.7805339617524094,0.0
-9.603895357968188,-4.581891965693743,-0.7805339617524094,0.0
-9.533529466011874,-4.510838174456453,-0.7805339617524094,0.3333333333333333
-9.46316357405556,-4.4397843832191635,-0.7805339617524094,1.0
-9.392797682099248,-4.368730591981873,-0.7805339617524094,1.0
-9.322431790142934,-4.297676800744583,-0.7805339617524094,1.0
-9.186612002520285,-4.994640740530127,-0.42057485702931996,0.0
-9.145783474395085,-4.9033553019808735,-0.42057485702931996,0.0
-9.104954946269883,-4.812069863431619,-0.42057485702931996,0.0
-9.064126418144681,-4.720784424882365,-0.42057485702931996,0.0
-9.02329789001948,-4.629498986333111,-0.42057485702931996,0.6666666666666666
-8.982469361894278,-4.538213547783856,-0.42057485702931996,1.0
-8.941640833769078,-4.4469281092346025,-0.42057485702931996,1.0
-8.53523929940735,-4.986170348395489,0.06660897612109358,0.6666666666666666
-8.541895272649423,-4.886392104172608,0.06660897612109358,0.6666666666666666
-8.548551245891495,-4.786613859949727,0.06660897612109358,0.6666666666666666
-8.55520721913357,-4.686835615726847,0.06660897612109358,1.0
-8.561863192375643,-4.587057371503966,0.06660897612109358,0.0
-8.568519165617715,-4.487279127281085,0.06660897612109358,0.0
-8.57517513885979,-4.3875008830582045,0.06660897612109358,0.0
-7.997119725297515,-4.901901456165926,0.15761656509048028,1.0
-8.012816201732218,-4.8031410358168065,0.15761656509048028,1.0
-8.02851267816692,-4.704380615467686,0.15761656509048028,1.0
-8.044209154601623,-4.605620195118567,0.15761656509048028,0.3333333333333333
-8.059905631036326,-4.506859774769447,0.15761656509048028,0.0
-8.075602107471028,-4.408099354420327,0.15761656509048028,0.0
-8.091298583905731,-4.309338934071207,0.15761656509048028,0.0
-7.496222065336446,-4.851190067877543,0.10182440502498909,1.0
-7.506386919345788,-4.751708030589555,0.10182440502498909,1.0
-7.516551773355131,-4.652225993301566,0.10182440502498909,1.0
-7.526716627364473,-4.552743956013577,0.10182440502498909,0.3333333333333333
-7.536881481373815,-4.453261918725588,0.10182440502498909,0.0
-7.547046335383158,-4.3537798814376,0.10182440502498909,0.0
-7.5572111893925,-4.254297844149612,0.10182440502498909,0.0
-6.997155548855152,-4.835511758258508,0.03283423382088493,1.0
-7.0004383822997465,-4.735565657761415,0.03283423382088493,1.0
-7.003721215744341,-4.635619557264322,0.03283423382088493,1.0
-7.007004049188936,-4.5356734567672286,0.03283423382088493,0.3333333333333333
-7.0102868826335305,-4.435727356270135,0.03283423382088493,0.0
-7.013569716078125,-4.335781255773042,0.03283423382088493,0.0
-7.01685254952272,-4.235835155275949,0.03283423382088493,0.0
-6.486147290423799,-4.833861713585964,0.003481867791049204,1.0
-6.4864954764993685,-4.733862319755518,0.003481867791049204,1.0
-6.486843662574939,-4.633862925925071,0.003481867791049204,1.0
-6.48719184865051,-4.533863532094625,0.003481867791049204,0.6666666666666666
-6.487540034726081,-4.433864138264178,0.003481867791049204,0.0
-6.4878882208016515,-4.333864744433731,0.003481867791049204,0.0
-6.488236406877221,-4.233865350603285,0.003481867791049204,0.0
-5.969999973079759,-4.8381970061488335,-0.008358394374105673,1.0
-5.9691641433746545,-4.7382004992663225,-0.008358394374105673,1.0
-5.968328313669551,-4.638203992383811,-0.008358394374105673,1.0
-5.967492483964448,-4.5382074855013,-0.008358394374105673,0.3333333333333333
-5.966656654259345,-4.438210978618789,-0.008358394374105673,0.0
-5.965820824554242,-4.338214471736278,-0.008358394374105673,0.0
-5.964984994849138,-4.238217964853767,-0.008358394374105673,0.0
-5.451104153732829,-4.843705518595337,-0.010613965711683623,1.0
-5.450042777090378,-4.743711151355863,-0.010613965711683623,1.0
-5.448981400447927,-4.643716784116388,-0.010613965711683623,1.0
-5.447920023805476,-4.543722416876914,-0.010613965711683623,0.3333333333333333
-5.446858647163024,-4.44372804963744,-0.010613965711683623,0.0
-5.445797270520574,-4.343733682397965,-0.010613965711683623,0.0
-5.444735893878122,-4.243739315158491,-0.010613965711683623,0.0
-4.92996215634704,-4.846611165867669,-0.005568152656235733,1.0
-4.929405343958692,-4.746612716079864,-0.005568152656235733,1.0
-4.9288485315703445,-4.646614266292059,-0.005568152656235733,1.0
-4.928291719181996,-4.546615816504254,-0.005568152656235733,0.3333333333333333
-4.927734906793648,-4.446617366716448,-0.005568152656235733,0.0
-4.927178094405301,-4.3466189169286436,-0.005568152656235733,0.0
-4.926621282016953,-4.246620467140838,-0.005568152656235733,0.0
-4.411573148710539,-4.852328450462416,-0.011019899661235562,1.0
-4.410471181048225,-4.752334522310396,-0.011019899661235562,1.0
-4.40936921338591,-4.652340594158377,-0.011019899661235562,0.6666666666666666
-4.408267245723595,-4.552346666006358,-0.011019899661235562,0.0
-4.40716527806128,-4.452352737854338,-0.011019899661235562,0.0
-4.406063310398965,-4.352358809702319,-0.011019899661235562,0.0
-4.404961342736651,-4.2523648815502995,-0.011019899661235562,0.0
-3.922783022975348,-4.9058293029037445,-0.10625686111368093,1.0
-3.912177320500565,-4.806393297980898,-0.10625686111368093,1.0
-3.9015716180257813,-4.706957293058052,-0.10625686111368093,1.0
-3.890965915550998,-4.607521288135205,-0.10625686111368093,0.3333333333333333
-3.880360213076215,-4.508085283212358,-0.10625686111368093,0.0
-3.8697545106014313,-4.408649278289512,-0.10625686111368093,0.0
-3.859148808126648,-4.309213273366665,-0.10625686111368093,0.0
-3.420527053458418,-4.980147812860913,-0.14642677530758408,1.0
-3.405936644983016,-4.881217938806001,-0.14642677530758408,1.0
-3.3913462365076135,-4.782288064751088,-0.14642677530758408,1.0
-3.376755828032211,-4.683358190696175,-0.14642677530758408,0.6666666666666666
-3.3621654195568085,-4.5844283166412625,-0.14642677530758408,0.0
-3.347575011081406,-4.4854984425863496,-0.14642677530758408,0.0
-3.332984602606004,-4.3865685685314375,-0.14642677530758408,0.0
-2.911792301705276,-5.052593147759799,-0.141444682475809,0.6666666666666666
-2.8976949500829856,-4.953591811015099,-0.141444682475809,0.6666666666666666
-2.8835975984606956,-4.854590474270399,-0.141444682475809,0.6666666666666666
-2.8695002468384057,-4.755589137525699,-0.141444682475809,1.0
-2.8554028952161157,-4.656587800780999,-0.141444682475809,0.3333333333333333
-2.8413055435938257,-4.557586464036299,-0.141444682475809,0.3333333333333333
-2.8272081919715353,-4.458585127291599,-0.141444682475809,0.6666666666666666
-2.3681662833401314,-5.053767015949114,0.0036384914324056896,0.0
-2.3685301316805627,-4.953767677879379,0.0036384914324056896,0.0
-2.3688939800209936,-4.853768339809644,0.0036384914324056896,0.0
-2.3692578283614245,-4.753769001739909,0.0036384914324056896,0.6666666666666666
-2.3696216767018554,-4.6537696636701735,0.0036384914324056896,1.0
-2.3699855250422863,-4.553770325600438,0.0036384914324056896,1.0
-2.3703493733827177,-4.453770987530704,0.0036384914324056896,1.0
-1.782129707352207,-4.841985251358728,0.38058319509272615,1.0
-1.8192759072484523,-4.749140435492315,0.38058319509272615,1.0
-1.8564221071446974,-4.656295619625901,0.38058319509272615,0.6666666666666666
-1.8935683070409426,-4.563450803759488,0.38058319509272615,0.0
-1.9307145069371878,-4.470605987893075,0.38058319509272615,0.0
-1.9678607068334328,-4.377761172026661,0.38058319509272615,0.0
-2.005006906729678,-4.284916356160248,0.38058319509272615,0.0
-1.3139716901961638,-4.684187356527215,0.3260060206799352,1.0
-1.3459978882303334,-4.589454454959301,0.3260060206799352,1.0
-1.3780240862645028,-4.494721553391386,0.3260060206799352,1.0
-1.4100502842986724,-4.399988651823472,0.3260060206799352,0.6666666666666666
-1.442076482332842,-4.305255750255558,0.3260060206799352,0.0
-1.4741026803670114,-4.210522848687643,0.3260060206799352,0.0
-1.506128878401181,-4.115789947119729,0.3260060206799352,0.0
-0.8222477011177004,-4.4813366392509115,0.3925075603733381,0.6666666666666666
-0.8604983493892118,-4.388941358490426,0.3925075603733381,0.6666666666666666
-0.8987489976607231,-4.296546077729939,0.3925075603733381,0.6666666666666666
-0.9369996459322345,-4.2041507969694525,0.3925075603733381,1.0
-0.9752502942037459,-4.111755516208966,0.3925075603733381,0.3333333333333333
-1.0135009424752572,-4.019360235448479,0.3925075603733381,0.3333333333333333
-1.0517515907467687,-3.926964954687993,0.3925075603733381,0.6666666666666666
-0.34706340502053346,-4.161921909476307,0.6034297402697153,0.3333333333333333
-0.40381038838703864,-4.079582490734118,0.6034297402697153,0.0
-0.46055737175354383,-3.9972430719919285,0.6034297402697153,0.0
-0.517304355120049,-3.9149036532497394,0.6034297402697153,0.3333333333333333
-0.5740513384865542,-3.8325642345075503,0.6034297402697153,1.0
-0.6307983218530594,-3.750224815765361,0.6034297402697153,1.0
-0.6875453052195646,-3.6678853970231717,0.6034297402697153,1.0
-0.0010487473445154327,-3.639911329461823,1.0279790467284797,0.0
-0.08667442878009879,-3.5882562940955394,1.0279790467284797,0.0
-0.17230011021568215,-3.536601258729256,1.0279790467284797,0.0
-0.2579257916512655,-3.4849462233629724,1.0279790467284797,0.6666666666666666
-0.34355147308684886,-3.433291187996689,1.0279790467284797,1.0
-0.4291771545224322,-3.3816361526304055,1.0279790467284797,1.0
-0.5148028359580156,-3.329981117264122,1.0279790467284797,1.0
0.0901520744515085,-2.9992476306597577,1.4749517515225932,1.0
-0.009388967918517066,-2.989677840490231,1.4749517515225932,1.0
-0.10893001028854264,-2.980108050320704,1.4749517515225932,1.0
-0.20847105265856822,-2.970538260151177,1.4749517515225932,0.6666666666666666
-0.3080120950285938,-2.96096846998165,1.4749517515225932,0.0
-0.40755313739861937,-2.951398679812123,1.4749517515225932,0.0
-0.5070941797686449,-2.941828889642596,1.4749517515225932,0.0
0.0717996596080869,-2.444805980926383,1.6087158940231523,1.0
-0.028128454327302682,-2.4485970289761694,1.6087158940231523,1.0
-0.12805656826269232,-2.4523880770259554,1.6087158940231523,1.0
-0.22798468219808196,-2.456179125075742,1.6087158940231523,0.0
-0.3279127961334716,-2.4599701731255283,1.6087158940231523,0.0
-0.42784091006886127,-2.4637612211753144,1.6087158940231523,0.0
-0.5277690240042509,-2.467552269225101,1.6087158940231523,0.0
0.04628688043546997,-1.9223091706686293,1.6196202542758331,1.0
-0.053593954444530245,-1.9271896238928834,1.6196202542758331,1.0
-0.15347478932453046,-1.9320700771171373,1.6196202542758331,1.0
-0.25335562420453067,-1.9369505303413914,1.6196202542758331,0.0
-0.3532364590845309,-1.9418309835656455,1.6196202542758331,0.0
-0.4531172939645311,-1.9467114367898994,1.6196202542758331,0.0
-0.5529981288445314,-1.9515918900141536,1.6196202542758331,0.0
0.0361995225786404,-1.4111589977968861,1.5907725389279461,1.0
-0.06378052563229211,-1.4131564861547004,1.5907725389279461,1.0
-0.16376057384322468,-1.4151539745125143,1.5907725389279461,1.0
-0.2637406220541572,-1.4171514628703286,1.5907725389279461,0.0
-0.36372067026508975,-1.4191489512281428,1.5907725389279461,0.0
-0.46370071847602234,-1.4211464395859568,1.5907725389279461,0.0
-0.5636807666869548,-1.423143927943771,1.5907725389279461,0.0
0.02370591749374562,-0.8936349793710487,1.5949377773272384,1.0
-0.07626494343981605,-0.8960488899332838,1.5949377773272384,1.0
-0.17623580437337774,-0.8984628004955189,1.5949377773272384,1.0
-0.27620666530693944,-0.9008767110577539,1.5949377773272384,0.0
-0.37617752624050116,-0.903290621619989,1.5949377773272384,0.0
-0.4761483871740628,-0.905704532182224,1.5949377773272384,0.0
-0.5761192481076245,-0.9081184427444591,1.5949377773272384,0.0
0.022963192695580892,-0.3803474548771127,1.572391862768168,1.0
-0.07703668001769401,-0.38050700840674295,1.572391862768168,1.0
-0.1770365527309689,-0.3806665619363732,1.572391862768168,1.0
-0.27703642544424384,-0.3808261154660035,1.572391862768168,0.0
-0.37703629815751877,-0.38098566899563374,1.572391862768168,0.0
-0.47703617087079364,-0.381145222525264,1.572391862768168,0.0
-0.5770360435840686,-0.38130477605489427,1.572391862768168,0.0
0.03335809734878431,0.13277860293008098,1.5506788875024107,1.0
-0.06662166776548584,0.13479021116613726,1.5506788875024107,1.0
-0.16660143287975598,0.13680181940219355,1.5506788875024107,1.0
-0.26658119799402613,0.13881342763824983,1.5506788875024107,0.0
-0.3665609631082963,0.14082503587430611,1.5506788875024107,0.0
-0.4665407282225664,0.1428366441103624,1.5506788875024107,0.0
-0.5665204933368366,0.14484825234641868,1.5506788875024107,0.0
0.05311332195337798,0.646781635064068,1.5324777749174807,1.0
-0.046813271458360006,0.6506125525945302,1.5324777749174807,1.0
-0.146739864870098,0.6544434701249924,1.5324777749174807,1.0
-0.24666645828183598,0.6582743876554545,1.5324777749174807,0.0
-0.34659305169357396,0.6621053051859167,1.5324777749174807,0.0
-0.44651964510531195,0.6659362227163789,1.5324777749174807,0.0
-0.5464462385170499,0.669767140246841,1.5324777749174807,0.0
0.076574131042594,1.1636835030263657,1.5254543981984252,1.0
-0.023323092042947163,1.1682161424117141,1.5254543981984252,1.0
-0.12322031512848838,1.1727487817970628,1.5254543981984252,1.0
-0.2231175382140296,1.1772814211824114,1.5254543981984252,0.3333333333333333
-0.32301476129957085,1.18181406056776,1.5254543981984252,0.0
-0.422911984385112,1.1863466999531087,1.5254543981984252,0.0
-0.5228092074706532,1.1908793393384571,1.5254543981984252,0.0
0.0901485971998976,1.6888170055062401,1.5450623098315248,1.0
-0.00981829264594733,1.691390123177218,1.5450623098315248,1.0
-0.1097851824917923,1.693963240848196,1.5450623098315248,1.0
-0.20975207233763726,1.6965363585191737,1.5450623098315248,0.3333333333333333
-0.3097189621834822,1.6991094761901515,1.5450623098315248,0.0
-0.40968585202932717,1.7016825938611295,1.5450623098315248,0.0
-0.5096527418751722,1.7042557115321073,1.5450623098315248,0.0
0.09505683584926747,2.2132640087866333,1.5615151340246967,1.0
-0.004938857154688031,2.214192114738928,1.5615151340246967,1.0
-0.10493455015864353,2.215120220691223,1.5615151340246967,1.0
-0.20493024316259903,2.216048326643518,1.5615151340246967,0.3333333333333333
-0.3049259361665545,2.216976432595813,1.5615151340246967,0.0
-0.40492162917051,2.2179045385481078,1.5615151340246967,0.0
-0.5049173221744655,2.2188326445004023,1.5615151340246967,0.0
0.08761292524075265,2.7393671500226295,1.5851031427533837,1.0
-0.012376840684669044,2.7379365172327876,1.5851031427533837,1.0
-0.11236660661009079,2.7365058844429457,1.5851031427533837,1.0
-0.21235637253551254,2.735075251653104,1.5851031427533837,0.6666666666666666
-0.3123461384609343,2.733644618863262,1.5851031427533837,0.0
-0.41233590438635603,2.73221398607342,1.5851031427533837,0.0
-0.5123256703117778,2.730783353283578,1.5851031427533837,0.0
0.05619421766064339,3.2703737184050157,1.6304760657534774,1.0
-0.04362775162723201,3.264409286538488,1.6304760657534774,1.0
-0.14344972091510746,3.25844485467196,1.6304760657534774,1.0
-0.24327169020298292,3.2524804228054327,1.6304760657534774,0.3333333333333333
-0.34309365949085835,3.246515990938905,1.6304760657534774,0.0
-0.4429156287787338,3.2405515590723772,1.6304760657534774,0.0
-0.5427375980666093,3.2345871272058497,1.6304760657534774,0.0
0.04158397787798529,3.7808096738270303,1.5996899614186706,1.0
-0.05837428291985097,3.7779207123749257,1.5996899614186706,1.0
-0.15833254371768726,3.775031750922821,1.5996899614186706,1.0
-0.25829080451552355,3.7721427894707165,1.5996899614186706,1.0
-0.35824906531335987,3.769253828018612,1.5996899614186706,0.0
-0.45820732611119613,3.7663648665665073,1.5996899614186706,0.0
-0.5581655869090324,3.7634759051144027,1.5996899614186706,0.0
0.03722243699093358,4.292840919017935,1.5794344209463396,1.0
-0.06277383219873639,4.291977120345181,1.5794344209463396,1.0
-0.16277010138840642,4.291113321672427,1.5794344209463396,1.0
-0.26276637057807645,4.290249522999673,1.5794344209463396,1.0
-0.3627626397677465,4.28938572432692,1.5794344209463396,0.0
-0.4627589089574165,4.288521925654165,1.5794344209463396,0.0
-0.5627551781470865,4.287658126981412,1.5794344209463396,0.0
0.048047671723775054,4.802685621006104,1.5498249611539274,0.6666666666666666
-0.05193033917329759,4.804782603854108,1.5498249611539274,0.3333333333333333
-0.15190835007037023,4.806879586702112,1.5498249611539274,0.0
-0.2518863609674429,4.808976569550117,1.5498249611539274,1.0
-0.3518643718645155,4.811073552398121,1.5498249611539274,1.0
-0.45184238276158817,4.813170535246125,1.5498249611539274,1.0
-0.5518203936586608,4.81526751809413,1.5498249611539274,1.0
0.05019041837692162,5.326873615658414,1.5667909712518724,0.3333333333333333
-0.04980877948049944,5.32727415014176,1.5667909712518724,0.0
-0.14980797733792053,5.327674684625107,1.5667909712518724,0.0
-0.24980717519534162,5.328075219108453,1.5667909712518724,0.0
-0.34980637305276274,5.3284757535918,1.5667909712518724,1.0
-0.4498055709101838,5.328876288075146,1.5667909712518724,1.0
-0.5498047687676049,5.3292768225584926,1.5667909712518724,1.0
0.039233462250064244,5.854003022848143,1.5917567336860765,0.0
-0.06074457162131536,5.85190713563427,1.5917567336860765,0.0
-0.16072260549269496,5.849811248420398,1.5917567336860765,0.0
-0.26070063936407456,5.847715361206525,1.5917567336860765,0.0
-0.36067867323545416,5.845619473992652,1.5917567336860765,1.0
-0.46065670710683376,5.8435235867787805,1.5917567336860765,1.0
-0.5606347409782133,5.841427699564908,1.5917567336860765,1.0
0.01819582820901733,6.376674364645016,1.611132477063019,0.0
-0.08172283256923404,6.372641843314543,1.611132477063019,0.0
-0.18164149334748547,6.36860932198407,1.611132477063019,0.0
-0.2815601541257369,6.364576800653596,1.611132477063019,0.0
-0.3814788149039883,6.360544279323123,1.611132477063019,1.0
-0.4813974756822397,6.356511757992649,1.611132477063019,1.0
-0.5813161364604911,6.352479236662177,1.611132477063019,1.0
-0.003896717134294958,6.896714222770034,1.6132545031598067,0.0
-0.10380659583695101,6.892469680672169,1.6132545031598067,0.0
-0.20371647453960712,6.888225138574304,1.6132545031598067,0.0
-0.3036263532422632,6.883980596476439,1.6132545031598067,0.0
-0.40353623194491933,6.879736054378574,1.6132545031598067,1.0
-0.5034461106475754,6.87549151228071,1.6132545031598067,1.0
-0.6033559893502315,6.8712469701828445,1.6132545031598067,1.0
-0.028864160730413424,7.4171847056833204,1.618739151725774,0.0
-0.12874925701881232,7.412392259600443,1.618739151725774,0.0
-0.2286343533072112,7.4075998135175665,1.618739151725774,0.0
-0.32851944959561014,7.40280736743469,1.618739151725774,0.0
-0.42840454588400906,7.398014921351813,1.618739151725774,1.0
-0.5282896421724079,7.393222475268937,1.618739151725774,1.0
-0.6281747384608068,7.388430029186059,1.618739151725774,1.0
-0.052889150665372475,7.936017104463933,1.617069955424028,0.0
-0.1527821073326254,7.931391392813352,1.617069955424028,0.0
-0.2526750639998783,7.92676568116277,1.617069955424028,0.0
-0.3525680206671313,7.922139969512188,1.617069955424028,0.0
-0.45246097733438423,7.9175142578616065,1.617069955424028,1.0
-0.5523539340016371,7.9128885462110246,1.617069955424028,1.0
-0.6522468906688901,7.9082628345604435,1.617069955424028,1.0
-0.06060166085450447,8.446366853023548,1.5861876404478672,0.0
-0.1605898164615297,8.444827782425653,1.5861876404478672,0.0
-0.26057797206855493,8.443288711827758,1.5861876404478672,0.0
-0.3605661276755802,8.441749641229864,1.5861876404478672,0.0
-0.4605542832826055,8.440210570631969,1.5861876404478672,1.0
-0.5605424388896307,8.438671500034074,1.5861876404478672,1.0
-0.660530594496656,8.43713242943618,1.5861876404478672,1.0
-0.08704259988389351,8.975529491674546,1.6210666991939453,0.0
-0.18691627097412297,8.970504571480088,1.6210666991939453,0.0
-0.28678994206435243,8.965479651285632,1.6210666991939453,0.0
-0.3866636131545819,8.960454731091174,1.6210666991939453,0.0
-0.4865372842448114,8.955429810896716,1.6210666991939453,1.0
-0.5864109553350408,8.95040489070226,1.6210666991939453,1.0
-0.6862846264252703,8.945379970507801,1.6210666991939453,1.0
-0.1305056978128442,9.488182596540693,1.6557249603829034,0.0
-0.23014527089363468,9.479699939157667,1.6557249603829034,0.0
-0.3297848439744252,9.47121728177464,1.6557249603829034,0.0
-0.4294244170552157,9.462734624391615,1.6557249603829034,0.0
-0.5290639901360062,9.45425196700859,1.6557249603829034,1.0
-0.6287035632167968,9.445769309625563,1.6557249603829034,1.0
-0.7283431362975872,9.437286652242538,1.6557249603829034,1.0
-0.18235898752840024,10.0023302974601,1.6713805123550882,0.0
-0.2818535549541007,9.992288830795676,1.6713805123550882,0.0
-0.3813481223798012,9.982247364131252,1.6713805123550882,0.0
-0.4808426898055017,9.972205897466829,1.6713805123550882,0.6666666666666666
-0.5803372572312022,9.962164430802405,1.6713805123550882,1.0
-0.6798318246569027,9.952122964137981,1.6713805123550882,1.0
-0.7793263920826032,9.942081497473557,1.6713805123550882,0.6666666666666666
-0.1680072297839283,10.48475398980935,1.5459398590881674,0.0
-0.2679763391750994,10.487239380630946,1.5459398590881674,0.0
-0.3679454485662705,10.48972477145254,1.5459398590881674,0.0
-0.4679145579574416,10.492210162274135,1.5459398590881674,0.6666666666666666
-0.5678836673486127,10.494695553095731,1.5459398590881674,1.0
-0.6678527767397837,10.497180943917325,1.5459398590881674,1.0
-0.7678218861309549,10.49966633473892,1.5459398590881674,1.0
-0.13702260058908788,10.992932331615846,1.5102744840664575,0.0
-0.23683951181318547,10.998980821814285,1.5102744840664575,0.0
-0.33665642303728305,11.005029312012725,1.5102744840664575,0.0
-0.43647333426138063,11.011077802211165,1.5102744840664575,0.0
-0.5362902454854782,11.017126292409605,1.5102744840664575,1.0
-0.6361071567095757,11.023174782608045,1.5102744840664575,1.0
-0.7359240679336734,11.029223272806485,1.5102744840664575,1.0
-0.12001233670013595,11.520811878332628,1.538815040193026,0.0
-0.21996120092420737,11.524009461844928,1.538815040193026,0.0
-0.31991006514827885,11.527207045357226,1.538815040193026,0.0
-0.4198589293723503,11.530404628869526,1.538815040193026,0.0
-0.5198077935964218,11.533602212381826,1.538815040193026,1.0
-0.6197566578204933,11.536799795894124,1.538815040193026,1.0
-0.7197055220445647,11.539997379406424,1.538815040193026,1.0
-0.11637456001741753,12.048029978903608,1.5640780572304642,0.0
-0.21637230326860873,12.048701800806228,1.5640780572304642,0.0
-0.31637004651979994,12.049373622708849,1.5640780572304642,0.0
-0.4163677897709912,12.050045444611468,1.5640780572304642,0.0
-0.5163655330221825,12.050717266514088,1.5640780572304642,1.0
-0.6163632762733737,12.051389088416709,1.5640780572304642,1.0
-0.7163610195245649,12.052060910319328,1.5640780572304642,1.0
-0.11132619956683049,12.565369343913613,1.5610409958383868,0.0
-0.21132144128046287,12.56634486153633,1.5610409958383868,0.0
-0.3113166829940953,12.567320379159044,1.5610409958383868,0.0
-0.4113119247077277,12.56829589678176,1.5610409958383868,0.0
-0.5113071664213601,12.569271414404477,1.5610409958383868,1.0
-0.6113024081349925,12.570246932027192,1.5610409958383868,1.0
-0.711297649848625,12.571222449649909,1.5610409958383868,1.0
-0.10600255176114032,13.084840436352529,1.5605485475678413,0.0
-0.20599730095813817,13.085865196338814,1.5605485475678413,0.0
-0.3059920501551361,13.0868899563251,1.5605485475678413,0.0
-0.40598679935213394,13.087914716311387,1.5605485475678413,0.0
-0.5059815485491318,13.088939476297673,1.5605485475678413,1.0
-0.6059762977461297,13.08996423628396,1.5605485475678413,1.0
-0.7059710469431275,13.090988996270244,1.5605485475678413,1.0
-0.10346152828386979,13.606197205266957,1.5659308331042976,0.0
-0.20346034463476215,13.606683752716336,1.5659308331042976,0.0
-0.3034591609856545,13.607170300165716,1.5659308331042976,0.0
-0.4034579773365469,13.607656847615095,1.5659308331042976,0.0
-0.5034567936874393,13.608143395064474,1.5659308331042976,1.0
-0.6034556100383317,13.608629942513854,1.5659308331042976,1.0
-0.7034544263892241,13.609116489963233,1.5659308331042976,1.0
-0.10216046423992037,14.126656507682453,1.568298108910167,0.0
-0.2021601521854527,14.126906329211065,1.568298108910167,0.0
-0.302159840130985,14.12715615073968,1.568298108910167,0.0
-0.40215952807651734,14.127405972268292,1.568298108910167,0.0
-0.5021592160220496,14.127655793796905,1.568298108910167,1.0
-0.602158903967582,14.127905615325519,1.568298108910167,1.0
-0.7021585919131144,14.128155436854131,1.568298108910167,1.0
-0.10138430853189956,14.646752697173206,1.5693042888065276,0.0
-0.20138419722305223,14.646901900916683,1.5693042888065276,0.0
-0.30138408591420496,14.64705110466016,1.5693042888065276,0.0
-0.4013839746053577,14.647200308403638,1.5693042888065276,0.0
-0.5013838632965104,14.647349512147116,1.5693042888065276,1.0
-0.6013837519876631,14.647498715890594,1.5693042888065276,1.0
-0.7013836406788159,14.647647919634071,1.5693042888065276,1.0
-0.10134222361663348,15.166953494147393,1.5707160001669422,0.0
-0.20134222329401508,15.16696152681018,1.5707160001669422,0.0
-0.30134222297139673,15.166969559472966,1.5707160001669422,0.0
-0.4013422226487784,15.166977592135753,1.5707160001669422,0.0
-0.5013422223261601,15.16698562479854,1.5707160001669422,1.0
-0.6013422220035417,15.166993657461326,1.5707160001669422,1.0
-0.7013422216809233,15.167001690124113,1.5707160001669422,1.0
-0.10189447809624674,15.687134364630698,1.571858361274977,0.0
-0.20189442170039018,15.687028161202655,1.571858361274977,0.0
-0.3018943653045336,15.686921957774612,1.571858361274977,0.0
-0.4018943089086771,15.686815754346568,1.571858361274977,0.0
-0.5018942525128206,15.686709550918525,1.571858361274977,1.0
-0.601894196116964,15.686603347490482,1.571858361274977,1.0
-0.7018941397211075,15.68649714406244,1.571858361274977,1.0
-0.10293692764501366,16.207247692435754,1.5728008541561505,0.0
-0.20293672673858382,16.20704723983387,1.5728008541561505,0.0
-0.302936525832154,16.206846787231985,1.5728008541561505,0.0
-0.4029363249257242,16.2066463346301,1.5728008541561505,0.0
-0.5029361240192943,16.206445882028216,1.5728008541561505,1.0
-0.6029359231128646,16.206245429426332,1.5728008541561505,1.0
-0.7029357222064347,16.206044976824447,1.5728008541561505,1.0
-0.10390179404403033,16.72704604837847,1.5726525631187258,0.0
-0.20390162176341525,16.726860424852685,1.5726525631187258,0.0
-0.30390144948280023,16.726674801326897,1.5726525631187258,0.0
-0.4039012772021852,16.726489177801113,1.5726525631187258,0.0
-0.5039011049215703,16.72630355427533,1.5726525631187258,1.0
-0.6039009326409552,16.726117930749542,1.5726525631187258,1.0
-0.7039007603603401,16.725932307223758,1.5726525631187258,1.0
-0.1005062174346365,17.24435508694023,1.564252955480992,0.0
-0.20050407665686718,17.245009419402315,1.564252955480992,0.0
-0.30050193587909785,17.245663751864395,1.564252955480992,0.0
-0.40049979510132855,17.24631808432648,1.564252955480992,0.0
-0.5004976543235592,17.246972416788562,1.564252955480992,1.0
-0.6004955135457899,17.247626749250642,1.564252955480992,1.0
-0.7004933727680206,17.248281081712726,1.564252955480992,1.0
-0.08305071240815792,17.755735800373227,1.5368949048741172,0.0
-0.18299325259130625,17.759125293217263,1.5368949048741172,0.0
-0.28293579277445463,17.7625147860613,1.5368949048741172,0.0
-0.382878332957603,17.765904278905335,1.5368949048741172,0.0
-0.48282087314075134,17.76929377174937,1.5368949048741172,1.0
-0.5827634133238997,17.772683264593407,1.5368949048741172,1.0
-0.6827059535070481,17.776072757437444,1.5368949048741172,1.0
-0.08431161567635725,18.28586740329473,1.5735550236668525,0.0
-0.184311235156177,18.285591533957447,1.5735550236668525,0.0
-0.28431085463599676,18.285315664620168,1.5735550236668525,0.0
-0.38431047411581654,18.285039795282884,1.5735550236668525,0.0
-0.4843100935956363,18.2847639259456,1.5735550236668525,1.0
-0.5843097130754561,18.28448805660832,1.5735550236668525,1.0
-0.6843093325552758,18.284212187271038,1.5735550236668525,1.0
-0.10088862154117584,18.814004034526555,1.6024100918180981,0.0
-0.20083865419600921,18.810843184593747,1.6024100918180981,0.0
-0.30078868685084265,18.80768233466094,1.6024100918180981,0.0
-0.4007387195056761,18.80452148472813,1.6024100918180981,0.0
-0.5006887521605095,18.801360634795323,1.6024100918180981,1.0
-0.6006387848153429,18.798199784862515,1.6024100918180981,1.0
-0.7005888174701763,18.795038934929707,1.6024100918180981,1.0
-0.10896246166819074,19.32896806775998,1.5865467858339923,0.0
-0.20895005807661723,19.327393086977363,1.5865467858339923,0.0
-0.30893765448504373,19.325818106194745,1.5865467858339923,0.0
-0.40892525089347026,19.324243125412128,1.5865467858339923,0.0
-0.5089128473018968,19.32266814462951,1.5865467858339923,1.0
-0.6089004437103233,19.321093163846893,1.5865467858339923,1.0
-0.7088880401187498,19.319518183064275,1.5865467858339923,1.0
-0.1110703979237499,19.845257267887103,1.5749184484260914,0.0
-0.21106954833061575,19.844845056891362,1.5749184484260914,0.0
-0.31106869873748166,19.844432845895618,1.5749184484260914,0.0
-0.4110678491443476,19.844020634899874,1.5749184484260914,0.0
-0.5110669995512135,19.84360842390413,1.5749184484260914,1.0
-0.6110661499580794,19.843196212908385,1.5749184484260914,1.0
-0.7110653003649452,19.842784001912644,1.5749184484260914,1.0
-0.10996067788785535,20.363233049066807,1.5686652368627052,0.0
-0.20996045081072634,20.36344615789872,1.5686652368627052,0.0
-0.30996022373359733,20.363659266730632,1.5686652368627052,0.0
-0.4099599966564683,20.363872375562543,1.5686652368627052,0.0
-0.5099597695793393,20.364085484394455,1.5686652368627052,1.0
-0.6099595425022103,20.364298593226366,1.5686652368627052,1.0
-0.7099593154250813,20.36451170205828,1.5686652368627052,1.0
-0.1070351161122311,20.87887577132594,1.5651264088548105,0.0
-0.20703350871806492,20.879442760082018,1.5651264088548105,0.0
-0.3070319013238988,20.88000974883809,1.5651264088548105,0.0
-0.4070302939297326,20.880576737594165,1.5651264088548105,0.0
-0.5070286865355664,20.88114372635024,1.5651264088548105,1.0
-0.6070270791414003,20.881710715106312,1.5651264088548105,1.0
-0.7070254717472342,20.88227770386239,1.5651264088548105,1.0
-0.11634381265467136,21.405558230376442,1.5886259407115935,0.0
-0.21632791831911813,21.403775363449064,1.5886259407115935,0.0
-0.3163120239835649,21.401992496521682,1.5886259407115935,0.0
-0.41629612964801166,21.400209629594304,1.5886259407115935,0.0
-0.5162802353124585,21.398426762666926,1.5886259407115935,1.0
-0.6162643409769052,21.396643895739544,1.5886259407115935,1.0
-0.7162484466413519,21.394861028812166,1.5886259407115935,1.0
-0.1177788203712114,21.920930005521036,1.5736460421328529,0.0
-0.21777841432761078,21.920645034372942,1.5736460421328529,0.0
-0.3177780082840102,21.92036006322485,1.5736460421328529,0.0
-0.4177776022404096,21.920075092076758,1.5736460421328529,0.0
-0.5177771961968091,21.919790120928663,1.5736460421328529,1.0
-0.6177767901532084,21.919505149780573,1.5736460421328529,1.0
-0.7177763841096079,21.91922017863248,1.5736460421328529,1.0
-0.11805200512057007,22.440119214498118,1.5713240601510279,0.0
-0.21805199119544563,22.440066441164955,1.5713240601510279,0.0
-0.3180519772703212,22.440013667831792,1.5713240601510279,0.0
-0.4180519633451968,22.43996089449863,1.5713240601510279,0.3333333333333333
-0.5180519494200724,22.439908121165466,1.5713240601510279,1.0
-0.618051935494948,22.439855347832303,1.5713240601510279,1.0
-0.7180519215698236,22.43980257449914,1.5713240601510279,1.0
-0.10785584572547735,22.953907777227283,1.5510735773130648,0.0
-0.2078363970135745,22.95587992431312,1.5510735773130648,0.0
-0.3078169483016717,22.957852071398953,1.5510735773130648,0.0
-0.4077974995897689,22.959824218484787,1.5510735773130648,0.0
-0.5077780508778661,22.96179636557062,1.5510735773130648,1.0
-0.6077586021659633,22.963768512656454,1.5510735773130648,1.0
-0.7077391534540605,22.96574065974229,1.5510735773130648,1.0
-0.08410339836951436,23.465194510200973,1.5245791901521717,0.0
-0.18399661619301041,23.469814578692624,1.5245791901521717,0.0
-0.28388983401650647,23.474434647184278,1.5245791901521717,0.0
-0.38378305184000255,23.479054715675932,1.5245791901521717,0.0
-0.48367626966349864,23.483674784167587,1.5245791901521717,1.0
-0.5835694874869947,23.48829485265924,1.5245791901521717,1.0
-0.6834627053104907,23.49291492115089,1.5245791901521717,1.0
-0.06941102623026246,23.989985713902637,1.5429029623377652,0.0
-0.16937212676343472,23.992774688659967,1.5429029623377652,0.0
-0.26933322729660697,23.9955636634173,1.5429029623377652,0.0
-0.3692943278297792,23.99835263817463,1.5429029623377652,0.0
-0.4692554283629515,24.00114161293196,1.5429029623377652,1.0
-0.5692165288961237,24.003930587689293,1.5429029623377652,1.0
-0.6691776294292959,24.006719562446623,1.5429029623377652,1.0
-0.06676451716962584,24.516613608068866,1.5659218972042388,0.0
-0.16676332916878633,24.517101049097654,1.5659218972042388,0.0
-0.2667621411679469,24.517588490126442,1.5659218972042388,0.0
-0.36676095316710744,24.51807593115523,1.5659218972042388,0.0
-0.466759765166268,24.51856337218402,1.5659218972042388,1.0
-0.5667585771654285,24.519050813212807,1.5659218972042388,1.0
-0.666757389164589,24.519538254241596,1.5659218972042388,1.0
-0.06606793156364121,25.03743391418467,1.5694624601075555,0.0
-0.16606784260363738,25.03756730081385,1.5694624601075555,0.0
-0.2660677536436336,25.03770068744303,1.5694624601075555,0.0
-0.36606766468362983,25.03783407407221,1.5694624601075555,0.0
-0.46606757572362606,25.037967460701392,1.5694624601075555,1.0
-0.5660674867636223,25.038100847330572,1.5694624601075555,1.0
-0.6660673978036185,25.038234233959752,1.5694624601075555,1.0
-0.06562041508007882,25.55739030367605,1.5699357108140524,0.0
-0.16562037804708774,25.557476365263515,1.5699357108140524,0.0
-0.2656203410140967,25.557562426850975,1.5699357108140524,0.0
-0.3656203039811057,25.557648488438435,1.5699357108140524,0.0
-0.46562026694811465,25.557734550025895,1.5699357108140524,1.0
-0.5656202299151236,25.557820611613355,1.5699357108140524,1.0
-0.6656201928821326,25.55790667320082,1.5699357108140524,1.0
-0.04786277577857101,26.047879490997847,1.5349815583819357,0.0
-0.14779864775192597,26.0514602022296,1.5349815583819357,0.0
-0.24773451972528093,26.055040913461355,1.5349815583819357,0.0
-0.3476703916986359,26.058621624693107,1.5349815583819357,0.0
-0.44760626367199086,26.06220233592486,1.5349815583819357,0.3333333333333333
-0.5475421356453458,26.065783047156614,1.5349815583819357,1.0
-0.6474780076187008,26.069363758388366,1.5349815583819357,1.0
-0.13897868414748332,26.61220184825529,1.7420914264641356,0.0
-0.237515167388908,26.595155984522044,1.7420914264641356,0.0
-0.33605165063033265,26.578110120788796,1.7420914264641356,0.0
-0.4345881338717573,26.56106425705555,1.7420914264641356,0.6666666666666666
-0.533124617113182,26.5440183933223,1.7420914264641356,0.6666666666666666
-0.6316611003546067,26.526972529589052,1.7420914264641356,0.6666666666666666
-0.7301975835960313,26.509926665855808,1.7420914264641356,0.6666666666666666
-0.13815456944835652,27.083497970012413,1.5776362330740974,0.0
-0.23815223024158094,27.08281398471782,1.5776362330740974,0.0
-0.3381498910348054,27.082129999423227,1.5776362330740974,0.0
-0.4381475518280299,27.081446014128634,1.5776362330740974,0.3333333333333333
-0.5381452126212544,27.08076202883404,1.5776362330740974,1.0
-0.6381428734144788,27.080078043539448,1.5776362330740974,1.0
-0.7381405342077032,27.079394058244855,1.5776362330740974,1.0
-0.1066876509436821,27.580120081380446,1.508940951279045,0.0
-0.20649640755749898,27.586301675285245,1.508940951279045,0.0
-0.30630516417131587,27.592483269190048,1.508940951279045,0.0
-0.40611392078513275,27.598664863094847,1.508940951279045,0.0
-0.5059226773989496,27.604846456999645,1.508940951279045,1.0
-0.6057314340127665,27.611028050904448,1.508940951279045,1.0
-0.7055401906265835,27.617209644809247,1.508940951279045,1.0
-0.106696464442394,28.11432191013345,1.5719264092316423,0.0
-0.20669640058808508,28.11420890191383,1.5719264092316423,0.0
-0.30669633673377616,28.11409589369421,1.5719264092316423,0.0
-0.4066962728794673,28.113982885474588,1.5719264092316423,0.0
-0.5066962090251584,28.113869877254967,1.5719264092316423,0.0
-0.6066961451708495,28.113756869035345,1.5719264092316423,1.0
-0.7066960813165406,28.113643860815724,1.5719264092316423,1.0
-0.29510476442759215,28.692736528744085,1.9143202075464334,0.0
-0.3892621290058535,28.659055811773147,1.9143202075464334,0.0
-0.48341949358411485,28.625375094802212,1.9143202075464334,0.0
-0.5775768581623762,28.591694377831274,1.9143202075464334,0.0
-0.6717342227406377,28.558013660860336,1.9143202075464334,0.6666666666666666
-0.765891587318899,28.5243329438894,1.9143202075464334,1.0
-0.8600489518971604,28.490652226918463,1.9143202075464334,1.0
-0.7533918393385267,29.149002588554204,2.415484156226226,0.6666666666666666
-0.8197883138095343,29.074226200718062,2.415484156226226,0.6666666666666666
-0.8861847882805418,28.999449812881924,2.415484156226226,0.6666666666666666
-0.9525812627515494,28.924673425045782,2.415484156226226,0.6666666666666666
-1.018977737222557,28.84989703720964,2.415484156226226,0.3333333333333333
-1.0853742116935645,28.775120649373502,2.415484156226226,0.0
-1.1517706861645722,28.70034426153736,2.415484156226226,0.3333333333333333
-1.3177877371078122,29.386702930072573,2.7741588859436552,0.6666666666666666
-1.3537099046353134,29.293377703685888,2.7741588859436552,1.0
-1.3896320721628144,29.200052477299202,2.7741588859436552,0.6666666666666666
-1.4255542396903156,29.106727250912517,2.7741588859436552,0.0
-1.4614764072178168,29.01340202452583,2.7741588859436552,0.0
-1.4973985747453178,28.920076798139146,2.7741588859436552,0.0
-1.533320742272819,28.82675157175246,2.7741588859436552,0.0
-1.906107916956289,29.46310497593176,3.0287514923152044,1.0
-1.9173681013099162,29.363740957050062,3.0287514923152044,1.0
-1.9286282856635437,29.264376938168365,3.0287514923152044,0.0
-1.939888470017171,29.165012919286667,3.0287514923152044,0.0
-1.9511486543707983,29.06564890040497,3.0287514923152044,0.0
-1.9624088387244258,28.966284881523272,3.0287514923152044,0.0
-1.9736690230780531,28.866920862641575,3.0287514923152044,0.0
-2.44569412537244,29.487246633351038,3.098221126909109,1.0
-2.4500299184064622,29.387340673074554,3.098221126909109,1.0
-2.454365711440485,29.287434712798074,3.098221126909109,0.0
-2.458701504474507,29.18752875252159,3.098221126909109,0.0
-2.4630372975085293,29.087622792245106,3.098221126909109,0.0
-2.467373090542552,28.987716831968626,3.098221126909109,0.0
-2.471708883576574,28.887810871692142,3.098221126909109,0.0
-2.971368256208597,29.49663328340513,3.123926656408216,1.0
-2.973134764039253,29.39664888737213,3.123926656408216,1.0
-2.9749012718699093,29.296664491339126,3.123926656408216,0.0
-2.9766677797005654,29.196680095306125,3.123926656408216,0.0
-2.9784342875312215,29.096695699273123,3.123926656408216,0.0
-2.9802007953618777,28.99671130324012,3.123926656408216,0.0
-2.981967303192534,28.896726907207118,3.123926656408216,0.0
-3.4972933265457864,29.494407581375597,-3.137222210002261,1.0
-3.4968562835783463,29.394408536412936,-3.137222210002261,1.0
-3.4964192406109063,29.29440949145027,-3.137222210002261,0.0
-3.495982197643466,29.19441044648761,-3.137222210002261,0.0
-3.495545154676026,29.094411401524948,-3.137222210002261,0.0
-3.495108111708586,28.994412356562282,-3.137222210002261,0.0
-3.494671068741146,28.89441331159962,-3.137222210002261,0.0
-4.030223083942633,29.465081335666987,-3.085879059666463,1.0
-4.0246546063571556,29.36523649575335,-3.085879059666463,1.0
-4.0190861287716775,29.26539165583971,-3.085879059666463,0.0
-4.013517651186199,29.165546815926074,-3.085879059666463,0.0
-4.007949173600721,29.065701976012438,-3.085879059666463,0.0
-4.002380696015243,28.965857136098798,-3.085879059666463,0.0
-3.9968122184297656,28.86601229618516,-3.085879059666463,0.0
-4.544181379990055,29.446501477021766,-3.105347330766063,1.0
-4.540557641261049,29.346567156002287,-3.105347330766063,1.0
-4.536933902532044,29.24663283498281,-3.105347330766063,0.0
-4.533310163803039,29.146698513963333,-3.105347330766063,0.0
-4.529686425074034,29.046764192943854,-3.105347330766063,0.0
-4.526062686345028,28.94682987192438,-3.105347330766063,0.0
-4.522438947616023,28.8468955509049,-3.105347330766063,0.0
-5.048809590105353,29.45419226860137,3.1271177542513593,1.0
-5.050257029492724,29.354202744554,3.1271177542513593,1.0
-5.051704468880094,29.254213220506628,3.1271177542513593,0.0
-5.0531519082674645,29.15422369645926,3.1271177542513593,0.0
-5.054599347654835,29.05423417241189,3.1271177542513593,0.0
-5.056046787042205,28.954244648364515,3.1271177542513593,0.0
-5.057494226429576,28.854255124317145,3.1271177542513593,0.0
-5.560670912469382,29.474212791038575,3.1026743519499345,1.0
-5.564561760257922,29.37428851319036,3.1026743519499345,1.0
-5.568452608046461,29.27436423534215,3.1026743519499345,0.0
-5.572343455835001,29.17443995749394,3.1026743519499345,0.0
-5.576234303623541,29.07451567964573,3.1026743519499345,0.0
-5.58012515141208,28.97459140179752,3.1026743519499345,0.0
-5.58401599920062,28.87466712394931,3.1026743519499345,0.0
-6.083960724193287,29.487655326456824,3.1159603734525154,1.0
-6.086523671536878,29.387688175347503,3.1159603734525154,1.0
-6.08908661888047,29.28772102423818,3.1159603734525154,0.0
-6.091649566224062,29.18775387312886,3.1159603734525154,0.0
-6.094212513567653,29.087786722019537,3.1159603734525154,0.0
-6.096775460911245,28.987819570910215,3.1159603734525154,0.0
-6.0993384082548365,28.887852419800893,3.1159603734525154,0.0
-6.60759407153989,29.49391536635344,3.12969222820411,1.0
-6.608784085989662,29.393922447276093,3.12969222820411,1.0
-6.609974100439434,29.293929528198742,3.12969222820411,0.0
-6.611164114889205,29.193936609121394,3.12969222820411,0.0
-6.612354129338977,29.093943690044046,3.12969222820411,0.0
-6.613544143788749,28.993950770966695,3.12969222820411,0.0
-6.61473415823852,28.893957851889347,3.12969222820411,0.0
-7.128237414474644,29.498054106487945,3.1336480484835993,1.0
-7.1290318666279955,29.398057262308864,3.1336480484835993,1.0
-7.1298263187813475,29.29806041812978,3.1336480484835993,0.0
-7.130620770934699,29.198063573950694,3.1336480484835993,0.0
-7.13141522308805,29.09806672977161,3.1336480484835993,0.0
-7.132209675241402,28.998069885592525,3.1336480484835993,0.0
-7.133004127394753,28.898073041413443,3.1336480484835993,0.0
-7.64808792173344,29.498929231368482,3.1399205914292483,1.0
-7.648255127871582,29.39892937115804,3.1399205914292483,1.0
-7.648422334009724,29.298929510947602,3.1399205914292483,0.0
-7.648589540147866,29.198929650737163,3.1399205914292483,0.0
-7.648756746286009,29.098929790526725,3.1399205914292483,0.0
-7.648923952424151,28.998929930316287,3.1399205914292483,0.0
-7.6490911585622925,28.898930070105845,3.1399205914292483,0.0
-8.166004187976261,29.50048476568525,3.138589728092978,1.0
-8.166304480074624,29.40048521656299,3.138589728092978,1.0
-8.166604772172988,29.30048566744073,3.138589728092978,0.0
-8.166905064271353,29.200486118318466,3.138589728092978,0.0
-8.167205356369717,29.100486569196203,3.138589728092978,0.0
-8.167505648468081,29.00048702007394,3.138589728092978,0.0
-8.167805940566444,28.90048747095168,3.138589728092978,0.0
-8.693848004350885,29.486836451687807,-3.1155012342539297,1.0
-8.691239158441405,29.38687048786501,-3.1155012342539297,1.0
-8.688630312531927,29.286904524042214,-3.1155012342539297,0.0
-8.68602146662245,29.186938560219417,-3.1155012342539297,0.0
-8.683412620712971,29.08697259639662,-3.1155012342539297,0.0
-8.680803774803493,28.987006632573824,-3.1155012342539297,0.0
-8.678194928894014,28.887040668751027,-3.1155012342539297,0.0
-9.206765764522455,29.4810947431143,-3.1303345714579667,1.0
-9.205639980090773,29.38110108026803,-3.1303345714579667,1.0
-9.204514195659089,29.28110741742176,-3.1303345714579667,0.0
-9.203388411227406,29.18111375457549,-3.1303345714579667,0.0
-9.202262626795724,29.081120091729222,-3.1303345714579667,0.0
-9.20113684236404,28.981126428882952,-3.1303345714579667,1.0
-9.200011057932358,28.881132766036682,-3.1303345714579667,1.0
-9.773874346405218,29.330518546239155,-2.864043234414288,1.0
-9.746474378696451,29.234345567863944,-2.864043234414288,0.0
-9.719074410987684,29.138172589488736,-2.864043234414288,0.0
-9.691674443278917,29.041999611113525,-2.864043234414288,0.0
-9.66427447557015,28.945826632738314,-2.864043234414288,0.3333333333333333
-9.636874507861382,28.849653654363106,-2.864043234414288,1.0
-9.609474540152615,28.753480675987895,-2.864043234414288,1.0
-10.262150059245645,28.84963295763697,-2.2947152159791657,1.0
-10.187228468515384,28.78340037319059,-2.2947152159791657,0.6666666666666666
-10.112306877785121,28.71716778874421,-2.2947152159791657,0.6666666666666666
-10.037385287054859,28.650935204297827,-2.2947152159791657,1.0
-9.962463696324596,28.584702619851445,-2.2947152159791657,1.0
-9.887542105594333,28.518470035405063,-2.2947152159791657,1.0
-9.812620514864072,28.452237450958684,-2.2947152159791657,1.0
-10.423306560200485,28.201121185406805,-1.7491463144210007,1.0
-10.324892784761634,28.18338058778803,-1.7491463144210007,1.0
-10.226479009322782,28.165639990169257,-1.7491463144210007,1.0
-10.12806523388393,28.14789939255048,-1.7491463144210007,0.0
-10.029651458445079,28.130158794931706,-1.7491463144210007,0.0
-9.931237683006227,28.112418197312934,-1.7491463144210007,0.0
-9.832823907567375,28.09467759969416,-1.7491463144210007,0.0
